Params,Test MSE,Test R2,Train Time
"{'n_estimators': 100, 'learning_rate': 0.01, 'max_depth': 3, 'tree_method': 'hist', 'use_label_encoder': False, 'eval_metric': 'rmse'}",13.482468903643388,0.7046550070153865,1.6992406845092773
"{'n_estimators': 100, 'learning_rate': 0.01, 'max_depth': 4, 'tree_method': 'hist', 'use_label_encoder': False, 'eval_metric': 'rmse'}",12.031552867351595,0.7364385616167298,1.1333701610565186
"{'n_estimators': 100, 'learning_rate': 0.01, 'max_depth': 5, 'tree_method': 'hist', 'use_label_encoder': False, 'eval_metric': 'rmse'}",10.93083504590564,0.7605507253143702,1.709618091583252
"{'n_estimators': 100, 'learning_rate': 0.01, 'max_depth': 6, 'tree_method': 'hist', 'use_label_encoder': False, 'eval_metric': 'rmse'}",10.386114687540706,0.7724832898594582,2.583998680114746
"{'n_estimators': 100, 'learning_rate': 0.01, 'max_depth': 10, 'tree_method': 'hist', 'use_label_encoder': False, 'eval_metric': 'rmse'}",9.429617291487634,0.7934361820000628,13.685812711715698
"{'n_estimators': 100, 'learning_rate': 0.01, 'max_depth': 20, 'tree_method': 'hist', 'use_label_encoder': False, 'eval_metric': 'rmse'}",9.682861412672366,0.7878886532997009,43.98699951171875
"{'n_estimators': 100, 'learning_rate': 0.01, 'max_depth': 50, 'tree_method': 'hist', 'use_label_encoder': False, 'eval_metric': 'rmse'}",9.683814993133545,0.7878677643055092,43.20786690711975
"{'n_estimators': 100, 'learning_rate': 0.01, 'max_depth': 100, 'tree_method': 'hist', 'use_label_encoder': False, 'eval_metric': 'rmse'}",9.683814993133545,0.7878677643055092,44.18309307098389
"{'n_estimators': 100, 'learning_rate': 0.05, 'max_depth': 3, 'tree_method': 'hist', 'use_label_encoder': False, 'eval_metric': 'rmse'}",3.041831452938406,0.9333660848358644,0.669539213180542
"{'n_estimators': 100, 'learning_rate': 0.05, 'max_depth': 4, 'tree_method': 'hist', 'use_label_encoder': False, 'eval_metric': 'rmse'}",2.2807956815319703,0.950037223198834,0.945202112197876
"{'n_estimators': 100, 'learning_rate': 0.05, 'max_depth': 5, 'tree_method': 'hist', 'use_label_encoder': False, 'eval_metric': 'rmse'}",1.9228991485503417,0.9578772523343072,1.556483507156372
"{'n_estimators': 100, 'learning_rate': 0.05, 'max_depth': 6, 'tree_method': 'hist', 'use_label_encoder': False, 'eval_metric': 'rmse'}",1.7928119695340923,0.9607269230621633,2.525472640991211
"{'n_estimators': 100, 'learning_rate': 0.05, 'max_depth': 10, 'tree_method': 'hist', 'use_label_encoder': False, 'eval_metric': 'rmse'}",2.1635879668139153,0.9526047582644473,14.100167751312256
"{'n_estimators': 100, 'learning_rate': 0.05, 'max_depth': 20, 'tree_method': 'hist', 'use_label_encoder': False, 'eval_metric': 'rmse'}",2.6781741388880964,0.941332308799338,55.13772511482239
"{'n_estimators': 100, 'learning_rate': 0.05, 'max_depth': 50, 'tree_method': 'hist', 'use_label_encoder': False, 'eval_metric': 'rmse'}",2.651606569388158,0.9419142940932523,56.47347092628479
"{'n_estimators': 100, 'learning_rate': 0.05, 'max_depth': 100, 'tree_method': 'hist', 'use_label_encoder': False, 'eval_metric': 'rmse'}",2.651606569388158,0.9419142940932523,58.152297496795654
"{'n_estimators': 100, 'learning_rate': 0.1, 'max_depth': 3, 'tree_method': 'hist', 'use_label_encoder': False, 'eval_metric': 'rmse'}",1.9722171132823272,0.9567969002080102,0.6244831085205078
"{'n_estimators': 100, 'learning_rate': 0.1, 'max_depth': 4, 'tree_method': 'hist', 'use_label_encoder': False, 'eval_metric': 'rmse'}",1.5513618740830313,0.9660160935588116,0.9018151760101318
"{'n_estimators': 100, 'learning_rate': 0.1, 'max_depth': 5, 'tree_method': 'hist', 'use_label_encoder': False, 'eval_metric': 'rmse'}",1.4185715690586682,0.9689249785698681,1.4059972763061523
"{'n_estimators': 100, 'learning_rate': 0.1, 'max_depth': 6, 'tree_method': 'hist', 'use_label_encoder': False, 'eval_metric': 'rmse'}",1.4498515169711204,0.9682397646032878,2.2529850006103516
"{'n_estimators': 100, 'learning_rate': 0.1, 'max_depth': 10, 'tree_method': 'hist', 'use_label_encoder': False, 'eval_metric': 'rmse'}",2.0896584033421557,0.9542242484751032,13.735860824584961
"{'n_estimators': 100, 'learning_rate': 0.1, 'max_depth': 20, 'tree_method': 'hist', 'use_label_encoder': False, 'eval_metric': 'rmse'}",2.627969989883048,0.9424320735487814,51.0396785736084
"{'n_estimators': 100, 'learning_rate': 0.1, 'max_depth': 50, 'tree_method': 'hist', 'use_label_encoder': False, 'eval_metric': 'rmse'}",2.6504926745475794,0.941938694910805,62.79397630691528
"{'n_estimators': 100, 'learning_rate': 0.1, 'max_depth': 100, 'tree_method': 'hist', 'use_label_encoder': False, 'eval_metric': 'rmse'}",2.6504926745475794,0.941938694910805,63.64940881729126
"{'n_estimators': 100, 'learning_rate': 0.2, 'max_depth': 3, 'tree_method': 'hist', 'use_label_encoder': False, 'eval_metric': 'rmse'}",1.5460579440471722,0.9661322806748678,0.5979950428009033
"{'n_estimators': 100, 'learning_rate': 0.2, 'max_depth': 4, 'tree_method': 'hist', 'use_label_encoder': False, 'eval_metric': 'rmse'}",1.3105674949665975,0.9712909000292836,0.8718535900115967
"{'n_estimators': 100, 'learning_rate': 0.2, 'max_depth': 5, 'tree_method': 'hist', 'use_label_encoder': False, 'eval_metric': 'rmse'}",1.41930869664343,0.968908831160747,1.3401827812194824
"{'n_estimators': 100, 'learning_rate': 0.2, 'max_depth': 6, 'tree_method': 'hist', 'use_label_encoder': False, 'eval_metric': 'rmse'}",1.483039308867522,0.9675127576852767,2.374009132385254
"{'n_estimators': 100, 'learning_rate': 0.2, 'max_depth': 10, 'tree_method': 'hist', 'use_label_encoder': False, 'eval_metric': 'rmse'}",2.1163993389083053,0.9536384654494845,12.21273136138916
"{'n_estimators': 100, 'learning_rate': 0.2, 'max_depth': 20, 'tree_method': 'hist', 'use_label_encoder': False, 'eval_metric': 'rmse'}",2.6167716684416957,0.9426773823413456,32.536895751953125
"{'n_estimators': 100, 'learning_rate': 0.2, 'max_depth': 50, 'tree_method': 'hist', 'use_label_encoder': False, 'eval_metric': 'rmse'}",2.6275123025398885,0.9424420995808176,35.74498510360718
"{'n_estimators': 100, 'learning_rate': 0.2, 'max_depth': 100, 'tree_method': 'hist', 'use_label_encoder': False, 'eval_metric': 'rmse'}",2.6275123025398885,0.9424420995808176,35.759111642837524
"{'n_estimators': 100, 'learning_rate': 0.5, 'max_depth': 3, 'tree_method': 'hist', 'use_label_encoder': False, 'eval_metric': 'rmse'}",1.5376797404133113,0.9663158123789756,0.6171591281890869
"{'n_estimators': 100, 'learning_rate': 0.5, 'max_depth': 4, 'tree_method': 'hist', 'use_label_encoder': False, 'eval_metric': 'rmse'}",1.740405267219778,0.9618749366224383,0.8991115093231201
"{'n_estimators': 100, 'learning_rate': 0.5, 'max_depth': 5, 'tree_method': 'hist', 'use_label_encoder': False, 'eval_metric': 'rmse'}",1.9394600946739053,0.9575144706693437,1.3473477363586426
"{'n_estimators': 100, 'learning_rate': 0.5, 'max_depth': 6, 'tree_method': 'hist', 'use_label_encoder': False, 'eval_metric': 'rmse'}",2.298976404360873,0.9496389589421363,2.0959312915802
"{'n_estimators': 100, 'learning_rate': 0.5, 'max_depth': 10, 'tree_method': 'hist', 'use_label_encoder': False, 'eval_metric': 'rmse'}",2.7917483590960046,0.9388443685333328,10.256072282791138
"{'n_estimators': 100, 'learning_rate': 0.5, 'max_depth': 20, 'tree_method': 'hist', 'use_label_encoder': False, 'eval_metric': 'rmse'}",3.1792732849950402,0.9303553041535823,13.96411919593811
"{'n_estimators': 100, 'learning_rate': 0.5, 'max_depth': 50, 'tree_method': 'hist', 'use_label_encoder': False, 'eval_metric': 'rmse'}",3.1728022333751733,0.930497058064452,14.347484588623047
"{'n_estimators': 100, 'learning_rate': 0.5, 'max_depth': 100, 'tree_method': 'hist', 'use_label_encoder': False, 'eval_metric': 'rmse'}",3.1728508353279214,0.9304959933971797,14.204139232635498
"{'n_estimators': 200, 'learning_rate': 0.01, 'max_depth': 3, 'tree_method': 'hist', 'use_label_encoder': False, 'eval_metric': 'rmse'}",6.702792350042446,0.8531696105699419,1.232093095779419
"{'n_estimators': 200, 'learning_rate': 0.01, 'max_depth': 4, 'tree_method': 'hist', 'use_label_encoder': False, 'eval_metric': 'rmse'}",5.457004464711197,0.8804596578812356,1.890897274017334
"{'n_estimators': 200, 'learning_rate': 0.01, 'max_depth': 5, 'tree_method': 'hist', 'use_label_encoder': False, 'eval_metric': 'rmse'}",4.564974088161949,0.9000003449161454,2.965130567550659
"{'n_estimators': 200, 'learning_rate': 0.01, 'max_depth': 6, 'tree_method': 'hist', 'use_label_encoder': False, 'eval_metric': 'rmse'}",4.100102331157537,0.91018375767181,4.775775671005249
"{'n_estimators': 200, 'learning_rate': 0.01, 'max_depth': 10, 'tree_method': 'hist', 'use_label_encoder': False, 'eval_metric': 'rmse'}",3.6540564322902367,0.919954773931019,26.461430072784424
"{'n_estimators': 200, 'learning_rate': 0.01, 'max_depth': 20, 'tree_method': 'hist', 'use_label_encoder': False, 'eval_metric': 'rmse'}",4.033448859320565,0.911643858882707,91.74006199836731
"{'n_estimators': 200, 'learning_rate': 0.01, 'max_depth': 50, 'tree_method': 'hist', 'use_label_encoder': False, 'eval_metric': 'rmse'}",4.036938144628727,0.9115674231087976,93.88151264190674
"{'n_estimators': 200, 'learning_rate': 0.01, 'max_depth': 100, 'tree_method': 'hist', 'use_label_encoder': False, 'eval_metric': 'rmse'}",4.036938144628727,0.9115674231087976,97.49704909324646
"{'n_estimators': 200, 'learning_rate': 0.05, 'max_depth': 3, 'tree_method': 'hist', 'use_label_encoder': False, 'eval_metric': 'rmse'}",1.9472040489464906,0.9573448327390317,1.0658438205718994
"{'n_estimators': 200, 'learning_rate': 0.05, 'max_depth': 4, 'tree_method': 'hist', 'use_label_encoder': False, 'eval_metric': 'rmse'}",1.5207975512200638,0.9666856311476654,1.619096279144287
"{'n_estimators': 200, 'learning_rate': 0.05, 'max_depth': 5, 'tree_method': 'hist', 'use_label_encoder': False, 'eval_metric': 'rmse'}",1.3786964193158229,0.9697984777713295,2.629837989807129
"{'n_estimators': 200, 'learning_rate': 0.05, 'max_depth': 6, 'tree_method': 'hist', 'use_label_encoder': False, 'eval_metric': 'rmse'}",1.388102058381695,0.9695924392168349,4.315515995025635
"{'n_estimators': 200, 'learning_rate': 0.05, 'max_depth': 10, 'tree_method': 'hist', 'use_label_encoder': False, 'eval_metric': 'rmse'}",2.0556337595059437,0.9549695873493798,26.71444082260132
"{'n_estimators': 200, 'learning_rate': 0.05, 'max_depth': 20, 'tree_method': 'hist', 'use_label_encoder': False, 'eval_metric': 'rmse'}",2.6341942112971615,0.942295726664318,102.5794358253479
"{'n_estimators': 200, 'learning_rate': 0.05, 'max_depth': 50, 'tree_method': 'hist', 'use_label_encoder': False, 'eval_metric': 'rmse'}",2.6067558528432055,0.9428967873337704,122.3851363658905
"{'n_estimators': 200, 'learning_rate': 0.05, 'max_depth': 100, 'tree_method': 'hist', 'use_label_encoder': False, 'eval_metric': 'rmse'}",2.6067558528432055,0.9428967873337704,125.83706212043762
"{'n_estimators': 200, 'learning_rate': 0.1, 'max_depth': 3, 'tree_method': 'hist', 'use_label_encoder': False, 'eval_metric': 'rmse'}",1.4556384048363264,0.9681129978836189,1.112694501876831
"{'n_estimators': 200, 'learning_rate': 0.1, 'max_depth': 4, 'tree_method': 'hist', 'use_label_encoder': False, 'eval_metric': 'rmse'}",1.2345860862942541,0.9729553376609722,1.6480884552001953
"{'n_estimators': 200, 'learning_rate': 0.1, 'max_depth': 5, 'tree_method': 'hist', 'use_label_encoder': False, 'eval_metric': 'rmse'}",1.2392483864762198,0.9728532059947043,2.5884881019592285
"{'n_estimators': 200, 'learning_rate': 0.1, 'max_depth': 6, 'tree_method': 'hist', 'use_label_encoder': False, 'eval_metric': 'rmse'}",1.341658873854903,0.9706098168281819,4.172367095947266
"{'n_estimators': 200, 'learning_rate': 0.1, 'max_depth': 10, 'tree_method': 'hist', 'use_label_encoder': False, 'eval_metric': 'rmse'}",2.079943377587834,0.95443706440917,23.891307592391968
"{'n_estimators': 200, 'learning_rate': 0.1, 'max_depth': 20, 'tree_method': 'hist', 'use_label_encoder': False, 'eval_metric': 'rmse'}",2.626706136987239,0.9424597593255716,64.46155047416687
"{'n_estimators': 200, 'learning_rate': 0.1, 'max_depth': 50, 'tree_method': 'hist', 'use_label_encoder': False, 'eval_metric': 'rmse'}",2.649556957218396,0.9419591925978382,70.10496401786804
"{'n_estimators': 200, 'learning_rate': 0.1, 'max_depth': 100, 'tree_method': 'hist', 'use_label_encoder': False, 'eval_metric': 'rmse'}",2.649556957218396,0.9419591925978382,69.66216683387756
"{'n_estimators': 200, 'learning_rate': 0.2, 'max_depth': 3, 'tree_method': 'hist', 'use_label_encoder': False, 'eval_metric': 'rmse'}",1.2642573204654606,0.9723053639424516,1.071744680404663
"{'n_estimators': 200, 'learning_rate': 0.2, 'max_depth': 4, 'tree_method': 'hist', 'use_label_encoder': False, 'eval_metric': 'rmse'}",1.174318456151619,0.9742755515571723,1.55558443069458
"{'n_estimators': 200, 'learning_rate': 0.2, 'max_depth': 5, 'tree_method': 'hist', 'use_label_encoder': False, 'eval_metric': 'rmse'}",1.3409880531354261,0.9706245117288046,2.476449728012085
"{'n_estimators': 200, 'learning_rate': 0.2, 'max_depth': 6, 'tree_method': 'hist', 'use_label_encoder': False, 'eval_metric': 'rmse'}",1.4484397746814572,0.9682706900235217,3.9873318672180176
"{'n_estimators': 200, 'learning_rate': 0.2, 'max_depth': 10, 'tree_method': 'hist', 'use_label_encoder': False, 'eval_metric': 'rmse'}",2.1147984696972357,0.9536735338564128,20.687405109405518
"{'n_estimators': 200, 'learning_rate': 0.2, 'max_depth': 20, 'tree_method': 'hist', 'use_label_encoder': False, 'eval_metric': 'rmse'}",2.616772251068104,0.9426773695784166,31.48668098449707
"{'n_estimators': 200, 'learning_rate': 0.2, 'max_depth': 50, 'tree_method': 'hist', 'use_label_encoder': False, 'eval_metric': 'rmse'}",2.6275123375120355,0.9424420988147229,35.51101851463318
"{'n_estimators': 200, 'learning_rate': 0.2, 'max_depth': 100, 'tree_method': 'hist', 'use_label_encoder': False, 'eval_metric': 'rmse'}",2.6275123375120355,0.9424420988147229,35.423173904418945
"{'n_estimators': 200, 'learning_rate': 0.5, 'max_depth': 3, 'tree_method': 'hist', 'use_label_encoder': False, 'eval_metric': 'rmse'}",1.4198551110283895,0.968896861487103,1.0632269382476807
"{'n_estimators': 200, 'learning_rate': 0.5, 'max_depth': 4, 'tree_method': 'hist', 'use_label_encoder': False, 'eval_metric': 'rmse'}",1.7066023626444025,0.96261541810888,1.5401630401611328
"{'n_estimators': 200, 'learning_rate': 0.5, 'max_depth': 5, 'tree_method': 'hist', 'use_label_encoder': False, 'eval_metric': 'rmse'}",1.9249606805708248,0.9578320927152139,2.3929507732391357
"{'n_estimators': 200, 'learning_rate': 0.5, 'max_depth': 6, 'tree_method': 'hist', 'use_label_encoder': False, 'eval_metric': 'rmse'}",2.309836832795616,0.9494010519843831,3.96899676322937
"{'n_estimators': 200, 'learning_rate': 0.5, 'max_depth': 10, 'tree_method': 'hist', 'use_label_encoder': False, 'eval_metric': 'rmse'}",2.7917167939291323,0.9388450599952642,10.536554336547852
"{'n_estimators': 200, 'learning_rate': 0.5, 'max_depth': 20, 'tree_method': 'hist', 'use_label_encoder': False, 'eval_metric': 'rmse'}",3.1792732849950402,0.9303553041535823,12.876336336135864
"{'n_estimators': 200, 'learning_rate': 0.5, 'max_depth': 50, 'tree_method': 'hist', 'use_label_encoder': False, 'eval_metric': 'rmse'}",3.1728022333751733,0.930497058064452,14.460622787475586
"{'n_estimators': 200, 'learning_rate': 0.5, 'max_depth': 100, 'tree_method': 'hist', 'use_label_encoder': False, 'eval_metric': 'rmse'}",3.1728508353279214,0.9304959933971797,14.198807954788208
"{'n_estimators': 300, 'learning_rate': 0.01, 'max_depth': 3, 'tree_method': 'hist', 'use_label_encoder': False, 'eval_metric': 'rmse'}",4.585989956856439,0.8995399743685477,1.5922794342041016
"{'n_estimators': 300, 'learning_rate': 0.01, 'max_depth': 4, 'tree_method': 'hist', 'use_label_encoder': False, 'eval_metric': 'rmse'}",3.525817510823071,0.9227639569991765,2.4345438480377197
"{'n_estimators': 300, 'learning_rate': 0.01, 'max_depth': 5, 'tree_method': 'hist', 'use_label_encoder': False, 'eval_metric': 'rmse'}",2.891556347554428,0.9366579893277338,3.9553780555725098
"{'n_estimators': 300, 'learning_rate': 0.01, 'max_depth': 6, 'tree_method': 'hist', 'use_label_encoder': False, 'eval_metric': 'rmse'}",2.59512870492259,0.9431514899365049,7.602673768997192
"{'n_estimators': 300, 'learning_rate': 0.01, 'max_depth': 10, 'tree_method': 'hist', 'use_label_encoder': False, 'eval_metric': 'rmse'}",2.545891428856301,0.9442300745086858,42.83522629737854
"{'n_estimators': 300, 'learning_rate': 0.01, 'max_depth': 20, 'tree_method': 'hist', 'use_label_encoder': False, 'eval_metric': 'rmse'}",3.0022898377435574,0.9342322776782722,148.24329352378845
"{'n_estimators': 300, 'learning_rate': 0.01, 'max_depth': 50, 'tree_method': 'hist', 'use_label_encoder': False, 'eval_metric': 'rmse'}",2.998558146781083,0.9343140235550111,149.7504518032074
"{'n_estimators': 300, 'learning_rate': 0.01, 'max_depth': 100, 'tree_method': 'hist', 'use_label_encoder': False, 'eval_metric': 'rmse'}",2.998558146781083,0.9343140235550111,155.41648483276367
"{'n_estimators': 300, 'learning_rate': 0.05, 'max_depth': 3, 'tree_method': 'hist', 'use_label_encoder': False, 'eval_metric': 'rmse'}",1.5966187810676613,0.9650247023698973,1.5497772693634033
"{'n_estimators': 300, 'learning_rate': 0.05, 'max_depth': 4, 'tree_method': 'hist', 'use_label_encoder': False, 'eval_metric': 'rmse'}",1.302626323335805,0.971464858174216,2.383758306503296
"{'n_estimators': 300, 'learning_rate': 0.05, 'max_depth': 5, 'tree_method': 'hist', 'use_label_encoder': False, 'eval_metric': 'rmse'}",1.252830437617387,0.972555679567781,3.8305366039276123
"{'n_estimators': 300, 'learning_rate': 0.05, 'max_depth': 6, 'tree_method': 'hist', 'use_label_encoder': False, 'eval_metric': 'rmse'}",1.3069905235043127,0.9713692566432677,6.504237651824951
"{'n_estimators': 300, 'learning_rate': 0.05, 'max_depth': 10, 'tree_method': 'hist', 'use_label_encoder': False, 'eval_metric': 'rmse'}",2.046207922115818,0.9551760683654129,35.13226580619812
"{'n_estimators': 300, 'learning_rate': 0.05, 'max_depth': 20, 'tree_method': 'hist', 'use_label_encoder': False, 'eval_metric': 'rmse'}",2.6328749426440656,0.9423246263705869,125.00243067741394
"{'n_estimators': 300, 'learning_rate': 0.05, 'max_depth': 50, 'tree_method': 'hist', 'use_label_encoder': False, 'eval_metric': 'rmse'}",2.605649523310281,0.9429210224267993,143.99084949493408
"{'n_estimators': 300, 'learning_rate': 0.05, 'max_depth': 100, 'tree_method': 'hist', 'use_label_encoder': False, 'eval_metric': 'rmse'}",2.605649523310281,0.9429210224267993,144.1324224472046
"{'n_estimators': 300, 'learning_rate': 0.1, 'max_depth': 3, 'tree_method': 'hist', 'use_label_encoder': False, 'eval_metric': 'rmse'}",1.279504613865077,0.9719713589620338,1.5269169807434082
"{'n_estimators': 300, 'learning_rate': 0.1, 'max_depth': 4, 'tree_method': 'hist', 'use_label_encoder': False, 'eval_metric': 'rmse'}",1.1341077102258637,0.9751564022795604,2.3259968757629395
"{'n_estimators': 300, 'learning_rate': 0.1, 'max_depth': 5, 'tree_method': 'hist', 'use_label_encoder': False, 'eval_metric': 'rmse'}",1.1899942936900574,0.9739321589514925,3.746904134750366
"{'n_estimators': 300, 'learning_rate': 0.1, 'max_depth': 6, 'tree_method': 'hist', 'use_label_encoder': False, 'eval_metric': 'rmse'}",1.3146572035793398,0.9712013114702318,6.128571033477783
"{'n_estimators': 300, 'learning_rate': 0.1, 'max_depth': 10, 'tree_method': 'hist', 'use_label_encoder': False, 'eval_metric': 'rmse'}",2.0789693317231244,0.9544584017154998,33.03870224952698
"{'n_estimators': 300, 'learning_rate': 0.1, 'max_depth': 20, 'tree_method': 'hist', 'use_label_encoder': False, 'eval_metric': 'rmse'}",2.6266996181137827,0.9424599021270607,62.92892074584961
"{'n_estimators': 300, 'learning_rate': 0.1, 'max_depth': 50, 'tree_method': 'hist', 'use_label_encoder': False, 'eval_metric': 'rmse'}",2.649555435330438,0.9419592259360934,70.86289525032043
"{'n_estimators': 300, 'learning_rate': 0.1, 'max_depth': 100, 'tree_method': 'hist', 'use_label_encoder': False, 'eval_metric': 'rmse'}",2.649555435330438,0.9419592259360934,74.56193780899048
"{'n_estimators': 300, 'learning_rate': 0.2, 'max_depth': 3, 'tree_method': 'hist', 'use_label_encoder': False, 'eval_metric': 'rmse'}",1.15727022979836,0.9746490075116186,1.587552785873413
"{'n_estimators': 300, 'learning_rate': 0.2, 'max_depth': 4, 'tree_method': 'hist', 'use_label_encoder': False, 'eval_metric': 'rmse'}",1.137613018787492,0.9750796155026026,2.4151251316070557
"{'n_estimators': 300, 'learning_rate': 0.2, 'max_depth': 5, 'tree_method': 'hist', 'use_label_encoder': False, 'eval_metric': 'rmse'}",1.3261714729257865,0.9709490815690428,3.737656354904175
"{'n_estimators': 300, 'learning_rate': 0.2, 'max_depth': 6, 'tree_method': 'hist', 'use_label_encoder': False, 'eval_metric': 'rmse'}",1.4409599261657966,0.9684345424917286,6.0506181716918945
"{'n_estimators': 300, 'learning_rate': 0.2, 'max_depth': 10, 'tree_method': 'hist', 'use_label_encoder': False, 'eval_metric': 'rmse'}",2.114749488278766,0.953674606836206,23.60716700553894
"{'n_estimators': 300, 'learning_rate': 0.2, 'max_depth': 20, 'tree_method': 'hist', 'use_label_encoder': False, 'eval_metric': 'rmse'}",2.6167722670769478,0.9426773692277293,31.510783195495605
"{'n_estimators': 300, 'learning_rate': 0.2, 'max_depth': 50, 'tree_method': 'hist', 'use_label_encoder': False, 'eval_metric': 'rmse'}",2.6275123375120355,0.9424420988147229,35.242005348205566
"{'n_estimators': 300, 'learning_rate': 0.2, 'max_depth': 100, 'tree_method': 'hist', 'use_label_encoder': False, 'eval_metric': 'rmse'}",2.6275123375120355,0.9424420988147229,35.143593549728394
"{'n_estimators': 300, 'learning_rate': 0.5, 'max_depth': 3, 'tree_method': 'hist', 'use_label_encoder': False, 'eval_metric': 'rmse'}",1.4104861777820092,0.9691020959692813,1.5212833881378174
"{'n_estimators': 300, 'learning_rate': 0.5, 'max_depth': 4, 'tree_method': 'hist', 'use_label_encoder': False, 'eval_metric': 'rmse'}",1.6906051368836637,0.962965850997978,2.193016529083252
"{'n_estimators': 300, 'learning_rate': 0.5, 'max_depth': 5, 'tree_method': 'hist', 'use_label_encoder': False, 'eval_metric': 'rmse'}",1.9276491048129598,0.9577732004867497,3.4842309951782227
"{'n_estimators': 300, 'learning_rate': 0.5, 'max_depth': 6, 'tree_method': 'hist', 'use_label_encoder': False, 'eval_metric': 'rmse'}",2.3072195054335745,0.9494583867749845,5.629084825515747
"{'n_estimators': 300, 'learning_rate': 0.5, 'max_depth': 10, 'tree_method': 'hist', 'use_label_encoder': False, 'eval_metric': 'rmse'}",2.7917167939291323,0.9388450599952642,10.693989753723145
"{'n_estimators': 300, 'learning_rate': 0.5, 'max_depth': 20, 'tree_method': 'hist', 'use_label_encoder': False, 'eval_metric': 'rmse'}",3.1792732849950402,0.9303553041535823,12.923975944519043
"{'n_estimators': 300, 'learning_rate': 0.5, 'max_depth': 50, 'tree_method': 'hist', 'use_label_encoder': False, 'eval_metric': 'rmse'}",3.1728022333751733,0.930497058064452,15.073593616485596
"{'n_estimators': 300, 'learning_rate': 0.5, 'max_depth': 100, 'tree_method': 'hist', 'use_label_encoder': False, 'eval_metric': 'rmse'}",3.1728508353279214,0.9304959933971797,14.627413511276245
"{'n_estimators': 500, 'learning_rate': 0.01, 'max_depth': 3, 'tree_method': 'hist', 'use_label_encoder': False, 'eval_metric': 'rmse'}",3.0696566296366443,0.9327565505824966,2.6034820079803467
"{'n_estimators': 500, 'learning_rate': 0.01, 'max_depth': 4, 'tree_method': 'hist', 'use_label_encoder': False, 'eval_metric': 'rmse'}",2.288558812179718,0.9498671651936508,4.147357702255249
"{'n_estimators': 500, 'learning_rate': 0.01, 'max_depth': 5, 'tree_method': 'hist', 'use_label_encoder': False, 'eval_metric': 'rmse'}",1.9005644985866288,0.9583665119116138,6.945080518722534
"{'n_estimators': 500, 'learning_rate': 0.01, 'max_depth': 6, 'tree_method': 'hist', 'use_label_encoder': False, 'eval_metric': 'rmse'}",1.7811612578962053,0.9609821418482439,11.651695966720581
"{'n_estimators': 500, 'learning_rate': 0.01, 'max_depth': 10, 'tree_method': 'hist', 'use_label_encoder': False, 'eval_metric': 'rmse'}",2.1296152424157793,0.9533489597991027,88.81621503829956
"{'n_estimators': 500, 'learning_rate': 0.01, 'max_depth': 20, 'tree_method': 'hist', 'use_label_encoder': False, 'eval_metric': 'rmse'}",2.6641129231220675,0.9416403317364909,268.5546827316284
"{'n_estimators': 500, 'learning_rate': 0.01, 'max_depth': 50, 'tree_method': 'hist', 'use_label_encoder': False, 'eval_metric': 'rmse'}",2.6685472514192385,0.9415431939890072,279.92375898361206
"{'n_estimators': 500, 'learning_rate': 0.01, 'max_depth': 100, 'tree_method': 'hist', 'use_label_encoder': False, 'eval_metric': 'rmse'}",2.6685472514192385,0.9415431939890072,284.4369492530823
"{'n_estimators': 500, 'learning_rate': 0.05, 'max_depth': 3, 'tree_method': 'hist', 'use_label_encoder': False, 'eval_metric': 'rmse'}",1.3116947811279347,0.971266205863416,2.451038122177124
"{'n_estimators': 500, 'learning_rate': 0.05, 'max_depth': 4, 'tree_method': 'hist', 'use_label_encoder': False, 'eval_metric': 'rmse'}",1.1453701899638102,0.9749096880447294,3.8477959632873535
"{'n_estimators': 500, 'learning_rate': 0.05, 'max_depth': 5, 'tree_method': 'hist', 'use_label_encoder': False, 'eval_metric': 'rmse'}",1.1637333791067632,0.9745074267076286,6.257793664932251
"{'n_estimators': 500, 'learning_rate': 0.05, 'max_depth': 6, 'tree_method': 'hist', 'use_label_encoder': False, 'eval_metric': 'rmse'}",1.259326967290525,0.9724133675384005,10.720338344573975
"{'n_estimators': 500, 'learning_rate': 0.05, 'max_depth': 10, 'tree_method': 'hist', 'use_label_encoder': False, 'eval_metric': 'rmse'}",2.0423098472033008,0.9552614590246401,56.88312768936157
"{'n_estimators': 500, 'learning_rate': 0.05, 'max_depth': 20, 'tree_method': 'hist', 'use_label_encoder': False, 'eval_metric': 'rmse'}",2.632789661001692,0.9423264945377785,133.14549589157104
"{'n_estimators': 500, 'learning_rate': 0.05, 'max_depth': 50, 'tree_method': 'hist', 'use_label_encoder': False, 'eval_metric': 'rmse'}",2.6055650443505427,0.9429228730105426,151.48634457588196
"{'n_estimators': 500, 'learning_rate': 0.05, 'max_depth': 100, 'tree_method': 'hist', 'use_label_encoder': False, 'eval_metric': 'rmse'}",2.6055650443505427,0.9429228730105426,154.36769008636475
"{'n_estimators': 500, 'learning_rate': 0.1, 'max_depth': 3, 'tree_method': 'hist', 'use_label_encoder': False, 'eval_metric': 'rmse'}",1.116448294568357,0.9755432468575641,2.430044174194336
"{'n_estimators': 500, 'learning_rate': 0.1, 'max_depth': 4, 'tree_method': 'hist', 'use_label_encoder': False, 'eval_metric': 'rmse'}",1.0660427388956872,0.9766474235920275,3.7653167247772217
"{'n_estimators': 500, 'learning_rate': 0.1, 'max_depth': 5, 'tree_method': 'hist', 'use_label_encoder': False, 'eval_metric': 'rmse'}",1.1613683744243866,0.9745592341544929,5.923060894012451
"{'n_estimators': 500, 'learning_rate': 0.1, 'max_depth': 6, 'tree_method': 'hist', 'use_label_encoder': False, 'eval_metric': 'rmse'}",1.3001024227283973,0.9715201463719872,10.041314125061035
"{'n_estimators': 500, 'learning_rate': 0.1, 'max_depth': 10, 'tree_method': 'hist', 'use_label_encoder': False, 'eval_metric': 'rmse'}",2.078795900537017,0.9544622008737111,46.55273079872131
"{'n_estimators': 500, 'learning_rate': 0.1, 'max_depth': 20, 'tree_method': 'hist', 'use_label_encoder': False, 'eval_metric': 'rmse'}",2.6266987054133777,0.9424599221205423,66.9854085445404
"{'n_estimators': 500, 'learning_rate': 0.1, 'max_depth': 50, 'tree_method': 'hist', 'use_label_encoder': False, 'eval_metric': 'rmse'}",2.6495528984574768,0.9419592815084616,75.51782631874084
"{'n_estimators': 500, 'learning_rate': 0.1, 'max_depth': 100, 'tree_method': 'hist', 'use_label_encoder': False, 'eval_metric': 'rmse'}",2.6495528984574768,0.9419592815084616,75.54200649261475
"{'n_estimators': 500, 'learning_rate': 0.2, 'max_depth': 3, 'tree_method': 'hist', 'use_label_encoder': False, 'eval_metric': 'rmse'}",1.087520625470832,0.9761769321482723,2.5104174613952637
"{'n_estimators': 500, 'learning_rate': 0.2, 'max_depth': 4, 'tree_method': 'hist', 'use_label_encoder': False, 'eval_metric': 'rmse'}",1.1142002911899003,0.9755924912909675,3.810631275177002
"{'n_estimators': 500, 'learning_rate': 0.2, 'max_depth': 5, 'tree_method': 'hist', 'use_label_encoder': False, 'eval_metric': 'rmse'}",1.313093694241085,0.9712355614772474,6.214543581008911
"{'n_estimators': 500, 'learning_rate': 0.2, 'max_depth': 6, 'tree_method': 'hist', 'use_label_encoder': False, 'eval_metric': 'rmse'}",1.4366129687197744,0.9685297663061185,10.196920156478882
"{'n_estimators': 500, 'learning_rate': 0.2, 'max_depth': 10, 'tree_method': 'hist', 'use_label_encoder': False, 'eval_metric': 'rmse'}",2.114749488278766,0.953674606836206,24.411370515823364
"{'n_estimators': 500, 'learning_rate': 0.2, 'max_depth': 20, 'tree_method': 'hist', 'use_label_encoder': False, 'eval_metric': 'rmse'}",2.6167722670769478,0.9426773692277293,32.719772815704346
"{'n_estimators': 500, 'learning_rate': 0.2, 'max_depth': 50, 'tree_method': 'hist', 'use_label_encoder': False, 'eval_metric': 'rmse'}",2.6275123375120355,0.9424420988147229,36.63241934776306
"{'n_estimators': 500, 'learning_rate': 0.2, 'max_depth': 100, 'tree_method': 'hist', 'use_label_encoder': False, 'eval_metric': 'rmse'}",2.6275123375120355,0.9424420988147229,37.851733684539795
"{'n_estimators': 500, 'learning_rate': 0.5, 'max_depth': 3, 'tree_method': 'hist', 'use_label_encoder': False, 'eval_metric': 'rmse'}",1.3951592258598187,0.9694378459376504,2.8290016651153564
"{'n_estimators': 500, 'learning_rate': 0.5, 'max_depth': 4, 'tree_method': 'hist', 'use_label_encoder': False, 'eval_metric': 'rmse'}",1.6995384372217939,0.9627701594266085,4.087518930435181
"{'n_estimators': 500, 'learning_rate': 0.5, 'max_depth': 5, 'tree_method': 'hist', 'use_label_encoder': False, 'eval_metric': 'rmse'}",1.924623712895598,0.9578394742798506,5.95041036605835
"{'n_estimators': 500, 'learning_rate': 0.5, 'max_depth': 6, 'tree_method': 'hist', 'use_label_encoder': False, 'eval_metric': 'rmse'}",2.307470058392025,0.9494528981985016,9.732105016708374
"{'n_estimators': 500, 'learning_rate': 0.5, 'max_depth': 10, 'tree_method': 'hist', 'use_label_encoder': False, 'eval_metric': 'rmse'}",2.7917167939291323,0.9388450599952642,11.32845401763916
"{'n_estimators': 500, 'learning_rate': 0.5, 'max_depth': 20, 'tree_method': 'hist', 'use_label_encoder': False, 'eval_metric': 'rmse'}",3.1792732849950402,0.9303553041535823,14.170228481292725
"{'n_estimators': 500, 'learning_rate': 0.5, 'max_depth': 50, 'tree_method': 'hist', 'use_label_encoder': False, 'eval_metric': 'rmse'}",3.1728022333751733,0.930497058064452,15.275954008102417
"{'n_estimators': 500, 'learning_rate': 0.5, 'max_depth': 100, 'tree_method': 'hist', 'use_label_encoder': False, 'eval_metric': 'rmse'}",3.1728508353279214,0.9304959933971797,15.243710041046143
"{'n_estimators': 1000, 'learning_rate': 0.01, 'max_depth': 3, 'tree_method': 'hist', 'use_label_encoder': False, 'eval_metric': 'rmse'}",1.9369826500439573,0.9575687412092635,5.350971221923828
"{'n_estimators': 1000, 'learning_rate': 0.01, 'max_depth': 4, 'tree_method': 'hist', 'use_label_encoder': False, 'eval_metric': 'rmse'}",1.515735310862347,0.9667965238449615,8.149486780166626
"{'n_estimators': 1000, 'learning_rate': 0.01, 'max_depth': 5, 'tree_method': 'hist', 'use_label_encoder': False, 'eval_metric': 'rmse'}",1.33722680211159,0.9707069051439267,13.078795433044434
"{'n_estimators': 1000, 'learning_rate': 0.01, 'max_depth': 6, 'tree_method': 'hist', 'use_label_encoder': False, 'eval_metric': 'rmse'}",1.3689631099624437,0.9700116942232447,21.759860038757324
"{'n_estimators': 1000, 'learning_rate': 0.01, 'max_depth': 10, 'tree_method': 'hist', 'use_label_encoder': False, 'eval_metric': 'rmse'}",2.017505056723871,0.9558048291390078,136.38170170783997
"{'n_estimators': 1000, 'learning_rate': 0.01, 'max_depth': 20, 'tree_method': 'hist', 'use_label_encoder': False, 'eval_metric': 'rmse'}",2.6119123318382615,0.9427838302586601,526.5529062747955
"{'n_estimators': 1000, 'learning_rate': 0.01, 'max_depth': 50, 'tree_method': 'hist', 'use_label_encoder': False, 'eval_metric': 'rmse'}",2.6195496804959064,0.9426165276153657,652.6287212371826
"{'n_estimators': 1000, 'learning_rate': 0.01, 'max_depth': 100, 'tree_method': 'hist', 'use_label_encoder': False, 'eval_metric': 'rmse'}",2.6195496804959064,0.9426165276153657,668.8298523426056
"{'n_estimators': 1000, 'learning_rate': 0.05, 'max_depth': 3, 'tree_method': 'hist', 'use_label_encoder': False, 'eval_metric': 'rmse'}",1.0823319938423444,0.9762905935542705,6.109605073928833
"{'n_estimators': 1000, 'learning_rate': 0.05, 'max_depth': 4, 'tree_method': 'hist', 'use_label_encoder': False, 'eval_metric': 'rmse'}",1.0372672752708887,0.977277774691899,7.969193458557129
"{'n_estimators': 1000, 'learning_rate': 0.05, 'max_depth': 5, 'tree_method': 'hist', 'use_label_encoder': False, 'eval_metric': 'rmse'}",1.114195614922165,0.975592593728605,12.971894025802612
"{'n_estimators': 1000, 'learning_rate': 0.05, 'max_depth': 6, 'tree_method': 'hist', 'use_label_encoder': False, 'eval_metric': 'rmse'}",1.2363896139508506,0.9729158298477599,20.743263483047485
"{'n_estimators': 1000, 'learning_rate': 0.05, 'max_depth': 10, 'tree_method': 'hist', 'use_label_encoder': False, 'eval_metric': 'rmse'}",2.0416573016366404,0.9552757535924365,98.57238602638245
"{'n_estimators': 1000, 'learning_rate': 0.05, 'max_depth': 20, 'tree_method': 'hist', 'use_label_encoder': False, 'eval_metric': 'rmse'}",2.632789661001692,0.9423264945377785,138.2852807044983
"{'n_estimators': 1000, 'learning_rate': 0.05, 'max_depth': 50, 'tree_method': 'hist', 'use_label_encoder': False, 'eval_metric': 'rmse'}",2.6055650443505427,0.9429228730105426,156.64772582054138
"{'n_estimators': 1000, 'learning_rate': 0.05, 'max_depth': 100, 'tree_method': 'hist', 'use_label_encoder': False, 'eval_metric': 'rmse'}",2.6055650443505427,0.9429228730105426,152.7225923538208
"{'n_estimators': 1000, 'learning_rate': 0.1, 'max_depth': 3, 'tree_method': 'hist', 'use_label_encoder': False, 'eval_metric': 'rmse'}",1.0107808909546363,0.9778579815550469,4.85277533531189
"{'n_estimators': 1000, 'learning_rate': 0.1, 'max_depth': 4, 'tree_method': 'hist', 'use_label_encoder': False, 'eval_metric': 'rmse'}",1.0295062600507494,0.9774477863568343,7.476130247116089
"{'n_estimators': 1000, 'learning_rate': 0.1, 'max_depth': 5, 'tree_method': 'hist', 'use_label_encoder': False, 'eval_metric': 'rmse'}",1.1488962335399129,0.9748324470495757,12.014095783233643
"{'n_estimators': 1000, 'learning_rate': 0.1, 'max_depth': 6, 'tree_method': 'hist', 'use_label_encoder': False, 'eval_metric': 'rmse'}",1.2964282509951381,0.9716006322408989,19.785638570785522
"{'n_estimators': 1000, 'learning_rate': 0.1, 'max_depth': 10, 'tree_method': 'hist', 'use_label_encoder': False, 'eval_metric': 'rmse'}",2.078795900537017,0.9544622008737111,48.61884117126465
"{'n_estimators': 1000, 'learning_rate': 0.1, 'max_depth': 20, 'tree_method': 'hist', 'use_label_encoder': False, 'eval_metric': 'rmse'}",2.6266987054133777,0.9424599221205423,68.53251767158508
"{'n_estimators': 1000, 'learning_rate': 0.1, 'max_depth': 50, 'tree_method': 'hist', 'use_label_encoder': False, 'eval_metric': 'rmse'}",2.6495528984574768,0.9419592815084616,75.40442776679993
"{'n_estimators': 1000, 'learning_rate': 0.1, 'max_depth': 100, 'tree_method': 'hist', 'use_label_encoder': False, 'eval_metric': 'rmse'}",2.6495528984574768,0.9419592815084616,76.96721458435059
"{'n_estimators': 1000, 'learning_rate': 0.2, 'max_depth': 3, 'tree_method': 'hist', 'use_label_encoder': False, 'eval_metric': 'rmse'}",1.0458487794371123,0.9770897895160471,4.946747303009033
"{'n_estimators': 1000, 'learning_rate': 0.2, 'max_depth': 4, 'tree_method': 'hist', 'use_label_encoder': False, 'eval_metric': 'rmse'}",1.1070115643606422,0.9757499664900672,7.541935443878174
"{'n_estimators': 1000, 'learning_rate': 0.2, 'max_depth': 5, 'tree_method': 'hist', 'use_label_encoder': False, 'eval_metric': 'rmse'}",1.3112630814966686,0.9712756626124343,12.229711055755615
"{'n_estimators': 1000, 'learning_rate': 0.2, 'max_depth': 6, 'tree_method': 'hist', 'use_label_encoder': False, 'eval_metric': 'rmse'}",1.4358791907185147,0.9685458403397532,20.183786630630493
"{'n_estimators': 1000, 'learning_rate': 0.2, 'max_depth': 10, 'tree_method': 'hist', 'use_label_encoder': False, 'eval_metric': 'rmse'}",2.114749488278766,0.953674606836206,27.26591682434082
"{'n_estimators': 1000, 'learning_rate': 0.2, 'max_depth': 20, 'tree_method': 'hist', 'use_label_encoder': False, 'eval_metric': 'rmse'}",2.6167722670769478,0.9426773692277293,34.089319944381714
"{'n_estimators': 1000, 'learning_rate': 0.2, 'max_depth': 50, 'tree_method': 'hist', 'use_label_encoder': False, 'eval_metric': 'rmse'}",2.6275123375120355,0.9424420988147229,39.18201470375061
"{'n_estimators': 1000, 'learning_rate': 0.2, 'max_depth': 100, 'tree_method': 'hist', 'use_label_encoder': False, 'eval_metric': 'rmse'}",2.6275123375120355,0.9424420988147229,38.089449405670166
"{'n_estimators': 1000, 'learning_rate': 0.5, 'max_depth': 3, 'tree_method': 'hist', 'use_label_encoder': False, 'eval_metric': 'rmse'}",1.3986885301870169,0.9693605335129597,4.64992880821228
"{'n_estimators': 1000, 'learning_rate': 0.5, 'max_depth': 4, 'tree_method': 'hist', 'use_label_encoder': False, 'eval_metric': 'rmse'}",1.7015589455794664,0.962725898465876,7.554751873016357
"{'n_estimators': 1000, 'learning_rate': 0.5, 'max_depth': 5, 'tree_method': 'hist', 'use_label_encoder': False, 'eval_metric': 'rmse'}",1.9245552160771346,0.9578409747611433,11.265778064727783
"{'n_estimators': 1000, 'learning_rate': 0.5, 'max_depth': 6, 'tree_method': 'hist', 'use_label_encoder': False, 'eval_metric': 'rmse'}",2.307480452103593,0.9494526705153753,11.848052740097046
"{'n_estimators': 1000, 'learning_rate': 0.5, 'max_depth': 10, 'tree_method': 'hist', 'use_label_encoder': False, 'eval_metric': 'rmse'}",2.7917167939291323,0.9388450599952642,12.83707308769226
"{'n_estimators': 1000, 'learning_rate': 0.5, 'max_depth': 20, 'tree_method': 'hist', 'use_label_encoder': False, 'eval_metric': 'rmse'}",3.1792732849950402,0.9303553041535823,14.544906377792358
"{'n_estimators': 1000, 'learning_rate': 0.5, 'max_depth': 50, 'tree_method': 'hist', 'use_label_encoder': False, 'eval_metric': 'rmse'}",3.1728022333751733,0.930497058064452,16.64858603477478
"{'n_estimators': 1000, 'learning_rate': 0.5, 'max_depth': 100, 'tree_method': 'hist', 'use_label_encoder': False, 'eval_metric': 'rmse'}",3.1728508353279214,0.9304959933971797,16.930047750473022
"{'n_estimators': 2000, 'learning_rate': 0.01, 'max_depth': 3, 'tree_method': 'hist', 'use_label_encoder': False, 'eval_metric': 'rmse'}",1.3982587784710971,0.9693699475912292,9.974739074707031
"{'n_estimators': 2000, 'learning_rate': 0.01, 'max_depth': 4, 'tree_method': 'hist', 'use_label_encoder': False, 'eval_metric': 'rmse'}",1.190082470239889,0.9739302273688812,15.566428422927856
"{'n_estimators': 2000, 'learning_rate': 0.01, 'max_depth': 5, 'tree_method': 'hist', 'use_label_encoder': False, 'eval_metric': 'rmse'}",1.157575024498854,0.9746423307234634,25.878804922103882
"{'n_estimators': 2000, 'learning_rate': 0.01, 'max_depth': 6, 'tree_method': 'hist', 'use_label_encoder': False, 'eval_metric': 'rmse'}",1.2559413026127022,0.9724875334139287,42.199267625808716
"{'n_estimators': 2000, 'learning_rate': 0.01, 'max_depth': 10, 'tree_method': 'hist', 'use_label_encoder': False, 'eval_metric': 'rmse'}",2.0055574751745073,0.9560665511139739,239.7009241580963
"{'n_estimators': 2000, 'learning_rate': 0.01, 'max_depth': 20, 'tree_method': 'hist', 'use_label_encoder': False, 'eval_metric': 'rmse'}",2.610335206757456,0.9428183785301418,675.028678894043
"{'n_estimators': 2000, 'learning_rate': 0.01, 'max_depth': 50, 'tree_method': 'hist', 'use_label_encoder': False, 'eval_metric': 'rmse'}",2.6183232975778816,0.9426433925802998,785.1144082546234
"{'n_estimators': 2000, 'learning_rate': 0.01, 'max_depth': 100, 'tree_method': 'hist', 'use_label_encoder': False, 'eval_metric': 'rmse'}",2.6183232975778816,0.9426433925802998,780.286744594574
"{'n_estimators': 2000, 'learning_rate': 0.05, 'max_depth': 3, 'tree_method': 'hist', 'use_label_encoder': False, 'eval_metric': 'rmse'}",0.9777303868982359,0.9785819810657032,9.826206922531128
"{'n_estimators': 2000, 'learning_rate': 0.05, 'max_depth': 4, 'tree_method': 'hist', 'use_label_encoder': False, 'eval_metric': 'rmse'}",0.9966903464884765,0.9781666469624177,15.136943101882935
"{'n_estimators': 2000, 'learning_rate': 0.05, 'max_depth': 5, 'tree_method': 'hist', 'use_label_encoder': False, 'eval_metric': 'rmse'}",1.1015323125658372,0.9758699941789469,24.78905749320984
"{'n_estimators': 2000, 'learning_rate': 0.05, 'max_depth': 6, 'tree_method': 'hist', 'use_label_encoder': False, 'eval_metric': 'rmse'}",1.2328960371025097,0.9729923596315213,39.8584930896759
"{'n_estimators': 2000, 'learning_rate': 0.05, 'max_depth': 10, 'tree_method': 'hist', 'use_label_encoder': False, 'eval_metric': 'rmse'}",2.0416573016366404,0.9552757535924365,102.86212682723999
"{'n_estimators': 2000, 'learning_rate': 0.05, 'max_depth': 20, 'tree_method': 'hist', 'use_label_encoder': False, 'eval_metric': 'rmse'}",2.632789661001692,0.9423264945377785,140.079820394516
"{'n_estimators': 2000, 'learning_rate': 0.05, 'max_depth': 50, 'tree_method': 'hist', 'use_label_encoder': False, 'eval_metric': 'rmse'}",2.6055650443505427,0.9429228730105426,157.34989261627197
"{'n_estimators': 2000, 'learning_rate': 0.05, 'max_depth': 100, 'tree_method': 'hist', 'use_label_encoder': False, 'eval_metric': 'rmse'}",2.6055650443505427,0.9429228730105426,158.20698523521423
"{'n_estimators': 2000, 'learning_rate': 0.1, 'max_depth': 3, 'tree_method': 'hist', 'use_label_encoder': False, 'eval_metric': 'rmse'}",0.9767887146317809,0.9786026092007218,10.108913898468018
"{'n_estimators': 2000, 'learning_rate': 0.1, 'max_depth': 4, 'tree_method': 'hist', 'use_label_encoder': False, 'eval_metric': 'rmse'}",1.0205212117845712,0.9776446115107512,14.980788469314575
"{'n_estimators': 2000, 'learning_rate': 0.1, 'max_depth': 5, 'tree_method': 'hist', 'use_label_encoder': False, 'eval_metric': 'rmse'}",1.1475263688522612,0.9748624551051815,26.03499984741211
"{'n_estimators': 2000, 'learning_rate': 0.1, 'max_depth': 6, 'tree_method': 'hist', 'use_label_encoder': False, 'eval_metric': 'rmse'}",1.296145384292537,0.9716068286775376,40.19680047035217
"{'n_estimators': 2000, 'learning_rate': 0.1, 'max_depth': 10, 'tree_method': 'hist', 'use_label_encoder': False, 'eval_metric': 'rmse'}",2.078795900537017,0.9544622008737111,52.43295431137085
"{'n_estimators': 2000, 'learning_rate': 0.1, 'max_depth': 20, 'tree_method': 'hist', 'use_label_encoder': False, 'eval_metric': 'rmse'}",2.6266987054133777,0.9424599221205423,68.85839915275574
"{'n_estimators': 2000, 'learning_rate': 0.1, 'max_depth': 50, 'tree_method': 'hist', 'use_label_encoder': False, 'eval_metric': 'rmse'}",2.6495528984574768,0.9419592815084616,78.04912662506104
"{'n_estimators': 2000, 'learning_rate': 0.1, 'max_depth': 100, 'tree_method': 'hist', 'use_label_encoder': False, 'eval_metric': 'rmse'}",2.6495528984574768,0.9419592815084616,78.7490463256836
"{'n_estimators': 2000, 'learning_rate': 0.2, 'max_depth': 3, 'tree_method': 'hist', 'use_label_encoder': False, 'eval_metric': 'rmse'}",1.0403910961150464,0.9772093447291158,9.667798042297363
"{'n_estimators': 2000, 'learning_rate': 0.2, 'max_depth': 4, 'tree_method': 'hist', 'use_label_encoder': False, 'eval_metric': 'rmse'}",1.1067381470463251,0.9757559559297874,15.530613899230957
"{'n_estimators': 2000, 'learning_rate': 0.2, 'max_depth': 5, 'tree_method': 'hist', 'use_label_encoder': False, 'eval_metric': 'rmse'}",1.3111744265066105,0.9712776046756872,25.341286182403564
"{'n_estimators': 2000, 'learning_rate': 0.2, 'max_depth': 6, 'tree_method': 'hist', 'use_label_encoder': False, 'eval_metric': 'rmse'}",1.4358627260676835,0.9685462010119875,26.29374051094055
"{'n_estimators': 2000, 'learning_rate': 0.2, 'max_depth': 10, 'tree_method': 'hist', 'use_label_encoder': False, 'eval_metric': 'rmse'}",2.114749488278766,0.953674606836206,28.7356858253479
"{'n_estimators': 2000, 'learning_rate': 0.2, 'max_depth': 20, 'tree_method': 'hist', 'use_label_encoder': False, 'eval_metric': 'rmse'}",2.6167722670769478,0.9426773692277293,38.254788875579834
"{'n_estimators': 2000, 'learning_rate': 0.2, 'max_depth': 50, 'tree_method': 'hist', 'use_label_encoder': False, 'eval_metric': 'rmse'}",2.6275123375120355,0.9424420988147229,41.413920640945435
"{'n_estimators': 2000, 'learning_rate': 0.2, 'max_depth': 100, 'tree_method': 'hist', 'use_label_encoder': False, 'eval_metric': 'rmse'}",2.6275123375120355,0.9424420988147229,42.80983304977417
"{'n_estimators': 2000, 'learning_rate': 0.5, 'max_depth': 3, 'tree_method': 'hist', 'use_label_encoder': False, 'eval_metric': 'rmse'}",1.4013943997849974,0.9693012591290806,9.787361145019531
"{'n_estimators': 2000, 'learning_rate': 0.5, 'max_depth': 4, 'tree_method': 'hist', 'use_label_encoder': False, 'eval_metric': 'rmse'}",1.7021578322131026,0.9627127793428226,14.202168226242065
"{'n_estimators': 2000, 'learning_rate': 0.5, 'max_depth': 5, 'tree_method': 'hist', 'use_label_encoder': False, 'eval_metric': 'rmse'}",1.9245552001438682,0.9578409751101751,12.779515266418457
"{'n_estimators': 2000, 'learning_rate': 0.5, 'max_depth': 6, 'tree_method': 'hist', 'use_label_encoder': False, 'eval_metric': 'rmse'}",2.3074804440073207,0.9494526706927311,12.63161301612854
"{'n_estimators': 2000, 'learning_rate': 0.5, 'max_depth': 10, 'tree_method': 'hist', 'use_label_encoder': False, 'eval_metric': 'rmse'}",2.7917167939291323,0.9388450599952642,14.93882155418396
"{'n_estimators': 2000, 'learning_rate': 0.5, 'max_depth': 20, 'tree_method': 'hist', 'use_label_encoder': False, 'eval_metric': 'rmse'}",3.1792732849950402,0.9303553041535823,16.529317617416382
"{'n_estimators': 2000, 'learning_rate': 0.5, 'max_depth': 50, 'tree_method': 'hist', 'use_label_encoder': False, 'eval_metric': 'rmse'}",3.1728022333751733,0.930497058064452,17.844810724258423
"{'n_estimators': 2000, 'learning_rate': 0.5, 'max_depth': 100, 'tree_method': 'hist', 'use_label_encoder': False, 'eval_metric': 'rmse'}",3.1728508353279214,0.9304959933971797,17.255579710006714
"{'n_estimators': 5000, 'learning_rate': 0.01, 'max_depth': 3, 'tree_method': 'hist', 'use_label_encoder': False, 'eval_metric': 'rmse'}",1.0774741586581371,0.976397008581715,22.113269090652466
"{'n_estimators': 5000, 'learning_rate': 0.01, 'max_depth': 4, 'tree_method': 'hist', 'use_label_encoder': False, 'eval_metric': 'rmse'}",1.013355734905552,0.9778015773998395,34.68507504463196
"{'n_estimators': 5000, 'learning_rate': 0.01, 'max_depth': 5, 'tree_method': 'hist', 'use_label_encoder': False, 'eval_metric': 'rmse'}",1.0737247197272735,0.976479143242855,60.02062797546387
"{'n_estimators': 5000, 'learning_rate': 0.01, 'max_depth': 6, 'tree_method': 'hist', 'use_label_encoder': False, 'eval_metric': 'rmse'}",1.2109269924729458,0.9734736103118209,93.90744304656982
"{'n_estimators': 5000, 'learning_rate': 0.01, 'max_depth': 10, 'tree_method': 'hist', 'use_label_encoder': False, 'eval_metric': 'rmse'}",2.0040933378183903,0.9560986242928746,439.9911050796509
"{'n_estimators': 5000, 'learning_rate': 0.01, 'max_depth': 20, 'tree_method': 'hist', 'use_label_encoder': False, 'eval_metric': 'rmse'}",2.610335206757456,0.9428183785301418,635.3746094703674
"{'n_estimators': 5000, 'learning_rate': 0.01, 'max_depth': 50, 'tree_method': 'hist', 'use_label_encoder': False, 'eval_metric': 'rmse'}",2.6183232975778816,0.9426433925802998,703.1048059463501
"{'n_estimators': 5000, 'learning_rate': 0.01, 'max_depth': 100, 'tree_method': 'hist', 'use_label_encoder': False, 'eval_metric': 'rmse'}",2.6183232975778816,0.9426433925802998,734.356085062027
"{'n_estimators': 5000, 'learning_rate': 0.05, 'max_depth': 3, 'tree_method': 'hist', 'use_label_encoder': False, 'eval_metric': 'rmse'}",0.9386715134949271,0.979437599036991,23.05573081970215
"{'n_estimators': 5000, 'learning_rate': 0.05, 'max_depth': 4, 'tree_method': 'hist', 'use_label_encoder': False, 'eval_metric': 'rmse'}",0.988969222971982,0.9783357847655241,35.279536724090576
"{'n_estimators': 5000, 'learning_rate': 0.05, 'max_depth': 5, 'tree_method': 'hist', 'use_label_encoder': False, 'eval_metric': 'rmse'}",1.09821787276937,0.9759425998126354,57.67078757286072
"{'n_estimators': 5000, 'learning_rate': 0.05, 'max_depth': 6, 'tree_method': 'hist', 'use_label_encoder': False, 'eval_metric': 'rmse'}",1.2327082970590817,0.9729964722374694,82.86375021934509
"{'n_estimators': 5000, 'learning_rate': 0.05, 'max_depth': 10, 'tree_method': 'hist', 'use_label_encoder': False, 'eval_metric': 'rmse'}",2.0416573016366404,0.9552757535924365,100.96265745162964
"{'n_estimators': 5000, 'learning_rate': 0.05, 'max_depth': 20, 'tree_method': 'hist', 'use_label_encoder': False, 'eval_metric': 'rmse'}",2.632789661001692,0.9423264945377785,136.72949767112732
"{'n_estimators': 5000, 'learning_rate': 0.05, 'max_depth': 50, 'tree_method': 'hist', 'use_label_encoder': False, 'eval_metric': 'rmse'}",2.6055650443505427,0.9429228730105426,153.97170901298523
"{'n_estimators': 5000, 'learning_rate': 0.05, 'max_depth': 100, 'tree_method': 'hist', 'use_label_encoder': False, 'eval_metric': 'rmse'}",2.6055650443505427,0.9429228730105426,152.15478205680847
"{'n_estimators': 5000, 'learning_rate': 0.1, 'max_depth': 3, 'tree_method': 'hist', 'use_label_encoder': False, 'eval_metric': 'rmse'}",0.9726383482537796,0.9786935265199128,23.46854519844055
"{'n_estimators': 5000, 'learning_rate': 0.1, 'max_depth': 4, 'tree_method': 'hist', 'use_label_encoder': False, 'eval_metric': 'rmse'}",1.0217333755457398,0.9776180580285888,36.14597725868225
"{'n_estimators': 5000, 'learning_rate': 0.1, 'max_depth': 5, 'tree_method': 'hist', 'use_label_encoder': False, 'eval_metric': 'rmse'}",1.1474353404604911,0.9748644491598254,49.499107360839844
"{'n_estimators': 5000, 'learning_rate': 0.1, 'max_depth': 6, 'tree_method': 'hist', 'use_label_encoder': False, 'eval_metric': 'rmse'}",1.296129728645077,0.9716071716278624,46.30590295791626
"{'n_estimators': 5000, 'learning_rate': 0.1, 'max_depth': 10, 'tree_method': 'hist', 'use_label_encoder': False, 'eval_metric': 'rmse'}",2.078795900537017,0.9544622008737111,53.92989182472229
"{'n_estimators': 5000, 'learning_rate': 0.1, 'max_depth': 20, 'tree_method': 'hist', 'use_label_encoder': False, 'eval_metric': 'rmse'}",2.6266987054133777,0.9424599221205423,71.79413414001465
"{'n_estimators': 5000, 'learning_rate': 0.1, 'max_depth': 50, 'tree_method': 'hist', 'use_label_encoder': False, 'eval_metric': 'rmse'}",2.6495528984574768,0.9419592815084616,79.01026558876038
"{'n_estimators': 5000, 'learning_rate': 0.1, 'max_depth': 100, 'tree_method': 'hist', 'use_label_encoder': False, 'eval_metric': 'rmse'}",2.6495528984574768,0.9419592815084616,81.28378081321716
"{'n_estimators': 5000, 'learning_rate': 0.2, 'max_depth': 3, 'tree_method': 'hist', 'use_label_encoder': False, 'eval_metric': 'rmse'}",1.040563476098974,0.9772055685983857,23.235262632369995
"{'n_estimators': 5000, 'learning_rate': 0.2, 'max_depth': 4, 'tree_method': 'hist', 'use_label_encoder': False, 'eval_metric': 'rmse'}",1.1074839232110074,0.9757396190661387,31.03435969352722
"{'n_estimators': 5000, 'learning_rate': 0.2, 'max_depth': 5, 'tree_method': 'hist', 'use_label_encoder': False, 'eval_metric': 'rmse'}",1.3111744265066105,0.9712776046756872,29.93885350227356
"{'n_estimators': 5000, 'learning_rate': 0.2, 'max_depth': 6, 'tree_method': 'hist', 'use_label_encoder': False, 'eval_metric': 'rmse'}",1.4358627260676835,0.9685462010119875,28.333701610565186
"{'n_estimators': 5000, 'learning_rate': 0.2, 'max_depth': 10, 'tree_method': 'hist', 'use_label_encoder': False, 'eval_metric': 'rmse'}",2.114749488278766,0.953674606836206,32.44061613082886
"{'n_estimators': 5000, 'learning_rate': 0.2, 'max_depth': 20, 'tree_method': 'hist', 'use_label_encoder': False, 'eval_metric': 'rmse'}",2.6167722670769478,0.9426773692277293,39.78895378112793
"{'n_estimators': 5000, 'learning_rate': 0.2, 'max_depth': 50, 'tree_method': 'hist', 'use_label_encoder': False, 'eval_metric': 'rmse'}",2.6275123375120355,0.9424420988147229,45.63758611679077
"{'n_estimators': 5000, 'learning_rate': 0.2, 'max_depth': 100, 'tree_method': 'hist', 'use_label_encoder': False, 'eval_metric': 'rmse'}",2.6275123375120355,0.9424420988147229,44.27779293060303
"{'n_estimators': 5000, 'learning_rate': 0.5, 'max_depth': 3, 'tree_method': 'hist', 'use_label_encoder': False, 'eval_metric': 'rmse'}",1.4017812187590724,0.9692927855291783,22.589551210403442
"{'n_estimators': 5000, 'learning_rate': 0.5, 'max_depth': 4, 'tree_method': 'hist', 'use_label_encoder': False, 'eval_metric': 'rmse'}",1.7021578322131026,0.9627127793428226,19.82482075691223
"{'n_estimators': 5000, 'learning_rate': 0.5, 'max_depth': 5, 'tree_method': 'hist', 'use_label_encoder': False, 'eval_metric': 'rmse'}",1.9245551523793967,0.9578409761564965,19.27521538734436
"{'n_estimators': 5000, 'learning_rate': 0.5, 'max_depth': 6, 'tree_method': 'hist', 'use_label_encoder': False, 'eval_metric': 'rmse'}",2.3074804197538317,0.9494526712240245,18.894126653671265
"{'n_estimators': 5000, 'learning_rate': 0.5, 'max_depth': 10, 'tree_method': 'hist', 'use_label_encoder': False, 'eval_metric': 'rmse'}",2.7917167939291323,0.9388450599952642,19.6386935710907
"{'n_estimators': 5000, 'learning_rate': 0.5, 'max_depth': 20, 'tree_method': 'hist', 'use_label_encoder': False, 'eval_metric': 'rmse'}",3.1792732849950402,0.9303553041535823,22.129499435424805
"{'n_estimators': 5000, 'learning_rate': 0.5, 'max_depth': 50, 'tree_method': 'hist', 'use_label_encoder': False, 'eval_metric': 'rmse'}",3.1728022333751733,0.930497058064452,22.977542877197266
"{'n_estimators': 5000, 'learning_rate': 0.5, 'max_depth': 100, 'tree_method': 'hist', 'use_label_encoder': False, 'eval_metric': 'rmse'}",3.1728508353279214,0.9304959933971797,23.93210482597351
