SMILES,Density_40C
CCCCCCCCCCCCCCCCCC=C,0.781
C1(CCCCC1)C1C(CCCC1)C1CCCCC1,0.928
CCCCCCCCCCCCc1ccc2ccccc2c1,0.904
C(=CCCCCCCCCCCCCCC)C1=C(C=C(C=C1C)C)C,0.992
C(C)OCCOCCOCCOCCOCC,1.069
OCCOCCOCCOCCOCCOCCO,1.4
CCCCCCCCC(CCCCCCCC)CCCC1CCCC1,0.816
C(C)(=O)OCCCCCCCCCCCCCCCCCCC,1.0
CCC(C)(c1ccccc1)c2ccccc2,0.981
C(CCC)C(CCCC)CCC(CCCC)CCCC,0.78
C1(=CC=CC=C1)C(=CCCCCCCCCC)CCCCCCCCCC,0.85
C(CCCCCCCCC(=O)OCCC)(=O)OCCC,0.934
CCCCC(CCCC)CCCC,0.745
C1CCC(C1)CCCC(CCCC2CCCC2)CCCC3CCCC3,0.876
C(CCCCCCCCCCCCCCCCC)C=1C=C2CCCCC2=CC1,0.874
C1(=CC=CC=C1)CCCCCCC1=CC=CC=C1,0.938
CCCCCCCCCC1CCC(CC1)C2CCCCC2,0.873
CCCCCCCCCCCCCCCC=C,0.772
CCCCCCc1cc2CCCCc2cc1CCCC,0.895
C(C(C)C)C(CC(C)C)CCCCCCCCCCCCCCC,0.79
CCCCCCCCCCCCCCCC(CCCCCC)CCCCCC,0.797
CCCC(=O)c1ccccc1,0.978
CCCCCCCC1CCCC1,0.788
C(CCCCC)(=O)OCC(COC(CCCCC)=O)(COC(CCCCC)=O)COC(CCCCC)=O,0.988
C(CCCCCCCCCCCC)(=O)OCCCC,0.843
CCCCCCCCCCCCCCCCC=C(CCCC)c1ccc2CCCCc2c1,0.874
C1CCC(C1)C2CCC(C2)C3CCCC3,0.896
CC(C)C(C(C)C)C1=CC=CC=C1,0.856
C(C)C(COC(C)CCC(C)OCC(CCCC)CC)CCCC,0.983
C(COCCOCCOCCOCCOCCO)O,1.4
CCCCCCC(CCCCCC)C1CCCCC1,0.818
C=CCCCCCCCCCCCCCCC=C,0.786
C(CCCCC(=O)OCCCCCCCCCCCC)(=O)OCCCCCCCCCCCC,0.999
CCCCCCc1cc2ccccc2cc1CCCCCC,0.909
CCCCCCCCCCCCCCCCCCCCCCC1CCCCC1,0.825
C(CCC)C(CCCCC)(CCCCCCCC)CC,0.79
C(C=1C(C(=O)OCC(CCCC)CC)=CC=CC1)(=O)OCCCC,1.092
CCC1=CC=CC2=C(C=CC=C21)C,1.015
CCCCC1CCCCC1,0.784
CCCCCCCCCCCC(CCCCCCC)c1ccc(C)cc1,0.84
CCCCCC(C)(CC)CCCC,0.743
CC(C)c1ccc2ccc3ccccc3c2c1,1.094
CC(CCCC)OCCCCCCCCCCOC(CCCC)C,0.996
CC(C)CCC(C(CCC(C)C)CCC(C)C)CCC(C)C,0.787
CCCCCCCCCCCCCC(c1ccccc1)c2ccccc2,0.905
C(CCCCCCCCC)(=O)OCCCCCCC,0.848
CCc1ccccc1c2ccccc2,0.983
C1(CCCCC1)CC=C(CCC1CCCCC1)CCC1CCCCC1,0.9
C(COCCOCCOCCOCCOCCCCC)O,1.006
CCCCCCCCCC=C,0.735
CC1=C(C(=CC(=C1)C)C)CCCCCCCCCCCCCCCCCC,0.848
CC(CC(CCCCCCC)(CC(C)C)C1=CC=CC=C1)C,0.925
CC(CC(C)(C)C(C)(C)C)C(C)(C)C,0.787
CCCCCCC(CCC)c1ccc2ccccc2c1,0.914
C(CC)C1=CC=CC2=CC=CC=C12,0.976
CC1=C(C=C(C=C1)CCCCCCCCCCCCCCCC)C,0.845
C1(CCCCC1)CCCCCC1CCCCC1,0.857
CC(CCCCCCCCC)CCCCCCCCCC,0.78
CC(C)(C)C=1C=C2C(C(C(C2=CC1)(C)C)C)(C)C,0.944
C(CCC)C(CCCC)=CCCCCCCC=C(CCCC)CCCC,0.811
CC(C)CCC(CC(CCC(C)C)(C)C)(C)C,0.78
C1(CCCC1)CC(CCCCCCCCCC)CCCCCCCCCC,0.819
C(CCC)C(CCCC)(CCCCCC)CCCC,0.79
CCCCCCCCCCCCCCCCCC(CC)c1ccccc1,0.84
CCCCCCCCCOc1ccccc1,0.881
CCCCCc1cccc2ccccc12,0.953
C(CCC)C=1C=C2CCCCC2=CC1CCCC,0.911
C1CC[C@@H]2CCCC[C@@H]2C1,0.882
C1(CCCCC1)CCCCCCCCCCCCCCCCCCC,0.813
CC(=C)CCCCCCCCCCCCCCCCC,0.785
C(CCC)OC(C)C1=CC=C(C=C1)OC,1.012
CCCCCCCCCCCCCC(CC(CC)CC)CC(CC)CC,0.799
CC=1C(=C(C=CC1)C1=CC=C(C=C1)C)C(C)C,0.953
CCCCCCCCCCC(=CCCCCCCCCC)c1cccc2ccccc12,0.893
C(CCCC)(=O)OCCCCCCCCCCCCCCCCCC,0.999
COCCOCCOCCOC,0.966
C(CCCCC)C(CCCCCC)(CCCCCC)CCCCCC,0.973
C(CCC)C1=C(C=C2CCCCC2=C1)CCCCCCCC,0.8967
C(CCCCCCCCC(=O)OCCCCCC)(=O)OCCCCCC,0.917
CC(=C)CCCCCCCCCCCCCCCCC(C)=C,0.804
C(CCCCCCC)C(CCCCCCCCC)CCCCCCCCCC,0.796
CCCCCCCC1CCC(CC1)C2CCC(CCCCCCC)CC2,0.865
CCCCCCCCCCC(=CCCCCCCCCC)c1cc(C)ccc1C,0.953
C(C)C(C(=O)OC(CC)(CC)CC)(CCCCCCCC)CC,0.974
CCCCCCCCCCCCCCCC,0.76
C(CCCC)C=1C=C2CCCCC2=CC1CCCCC,0.897
C1(CCCCC1)CCCCCCCCC1CCCCC1,0.944
C(C1=CC(C(=O)OCCCCC)=CC=C1)(=O)OCCCCC,1.147
CCCCCCCCCCCCCCC1CCCCC1,0.816
C(CCCCCCCCC)C1=C(C=C(C=C1C)C(C)(C)C)C,0.857
C(c1ccccc1)c2ccccc2,0.991
C1(CCCCC1)CC1CCC(CC1)C,0.864
CCCCCCCCCCC1CCC(CCCCCCCCCC)CC1,0.814
CCCCCCCC(C)c1ccccc1,0.844
CC(CC=C(CCCCC)C1=CC=CC=C1)C,0.859
CCCCCCCCCCCCCC(=O)OC(C)C,0.838
C(CC)C1C(CCCC1)C1CCCCC1,0.877
CCCCCCCC(C)(C)CCCCCCC,0.77
C(CCC)C1C(CCCC1)CCCCC,0.812
O(C1=CC=CC=C1)CCOC1=CC=CC=C1,1.156
C(CCCCCCCCC(=O)OCCCC)(=O)OCCCC,0.924
C1(=CC=CC=C1)C(CCC)CCCCCCCCC(CCC)CCC,1.004
C1(CCCCC1)C(C(CCCCCC)C)C1CCCCC1,0.898
CCCCCCCCCCC=C,0.743
C(C)C(CCCCCC)(C)C1=CC=CC2=CC=CC=C12,0.973
CC(C)CC(CC(CCCCCCCCCCCCCCC)C)C,0.787
C(CCCC=CCC=CCC=CCC=CCC=CCC)(=O)OC,1.069
C(CCCCCCC(=O)OCCCC)(=O)OCCCC,0.932
CCCCCCC(=CCCCCC)c1ccccc1,0.864
CCCCCCCC(CCCCCCC)CCCCCCC,0.787
CC(CCCCCCCC)CCCCCCCC,0.776
CCCCCCCCCC1CCCCC1,0.805
CCCCCCCCC1CC2CC(C)CCC2CC1C,0.857
C(C)C(CCCCCC)OCCCCCCOC(CCCCCC)CC,0.994
CCCCC(CC)CCC(C)C,0.739
CC1=CC=C(C=C1)CCCCCCCC,0.844
CCCCCCCCCCC(CCCCCCCCCC)C1CC(C)CCC1C,0.828
CCCC(CCC)CCCCC(CCC)CCC,0.775
CCCCCCCCCCCCCCCCC1CCCC2(CCCC2)C1,0.85
CCCCCCCCCCCCCCC(CCCCCCCCCCCCCC)C1CCCCC1,0.829
CC(CC1=CC=CC=C1)(CCCCCCC)CC(C)C,0.86
CCCCCCCCC(CCCCCCCC)CCC1CCCCC1,0.82
CCCCCCCCCCCCCC(CC1CCCCC1)CC2CCCCC2,0.852
CCC(C)(C1CCCCC1)C2CCCCC2,0.901
C1CCC(CC1)CCCCC2CCCCC2,0.861
CC(CCCC(C)C)C1CCC2=CC=CC=C12,0.895
C1(=CC=CC=C1)CCCCCCCCCCCCCCCCCCCCCC,1.02
C(C)C1=CC=C(C2=CC=CC=C12)C,0.984
C(CCCC(=O)OCCCCCCCCCCCC)(=O)OCCCCCCCCCCCC,1.015
CCCc1ccccc1c2ccccc2,0.967
CCCC(CCC)CCCCCC(CCC)CCC,0.779
CC(C)CCC(CCC(CCC(C)C)CCC(C)C)CCC(C)C,0.866
CCCCCCc1cc2CCCCc2cc1CCCCCC,0.895
CCCCCCC=CCCCCCC,0.76
CCCCCCC(C)CCC=C,0.749
C(CCc1ccccc1)CCc2ccccc2,0.943
CC=1C(=CC2=CC=CC=C2C1)CCC,1.004
CCCCCCc1ccccc1,0.844
C(CCCCCCC\C=C/C\C=C/CCCCC)(=O)OC,0.871
CCCCOCCOCCOCCCC,0.867
CCCCCCCCc1ccc2ccccc2c1,0.925
CCCCCCCCC1CCCC2CCCCC12,0.858
CCCCC(CCCC)(CCCC)CCCC,0.764
C(C=1C(C(=O)OCCCCC)=CC=CC1)(=O)OCCCCC,1.18
C1(CCCCC1)C1=C(C=C(C=C1)C)C,0.918
CC(C)c1cccc2ccccc12,0.982
CCCCCCC(C)CCCCCC,0.749
CC(C)CCCCCCCCCCC,0.747
CCCCCCC1CCCC1,0.781
CCCCCCCCCCC(CCCC)CCCC,0.778
Cc1ccc(C)c(CC2CCCCC2)c1,0.937
CC1=C(C=C(C=C1)C)CCCCCCCC,0.852
C(CCCCCCCCCCC)C1CCCC2=CC=CC=C12,0.86
C(CCCCCCCCCCCCCC)(=O)OCC,1.0
C1(CCCCC1)C1=C(C=C(C=C1)C)C,0.918
C(CCCCCCCCCCCCCCCCC)(=O)OC,0.85
CCCCCCCCCCC(CCC)CCC,0.773
Cc1cc(C)c(C2CCCC2)c(C)c1,0.93
CCCCCC(CCCCC)CCCCCC(CCCCC)CCCCC,0.796
CCCCc1ccccc1,0.844
CC(CCCC=1C=C2CCCCC2=CC1CCCC(C)C)C,0.892
CCCCCCCCCCCCCCCCCCCCCCc1ccc2CCCCc2c1,0.872
C1(=CC=CC=C1)CC(CC1=CC=CC=C1)C,0.994
CCCCCCCCCCCCCCC1CCCC1,0.811
C(COCCOCCOCCOCCCC)O,0.996
CC(CCCCCC)CCCCCCC(CCCCCC)C,0.9
CCCCCCCCCCCC(CO)CCC,0.823
CCCCCCCCCC(C1CCCCC1)C2CCCCC2,0.954
CC(CCCCCC)C1=CC=CC=C1,0.842
CC(=C(C(C)C)C1=CC=CC2=CC=CC=C12)C,0.961
CCCC(c1ccccc1)c2ccccc2,0.962
CCC(CC)CCCCCC(CC)CC,0.769
CCCCCCC(CCCCCC)c1ccccc1,0.84
CCCCCCCCCCc1cccc2ccccc12,0.918
CC1=CC=C(C2=CC=CC=C12)C(C)C,1.006
CCCCCCCCCCC(CCCCCCCCCC)c1cccc2CCCCc12,0.875
CCCCCCCCCCC1CCCCC1,0.805
C(C)C(CCCCCC)(C)C1=CC=CC2=CC=CC=C12,0.973
C1CCC(CC1)C2=CC=CC=C2,0.928
C(CCCCCCC)C1C(CCC1)CCCCCCCC,0.818
CCCCCCCCCCCCC,0.742
CCCCCCCCCCCC(CCCCCCCC)CCCCCCCC,0.796
CCCCCC=CCCCCC,0.746
C(CCCCCCCC)C(CCCCCCCCC)CCCCCCCCCC,0.798
C(CCCCCCCCCCCCC)(=O)OC(CCCCCC)C,0.839
CC(C)CCCC(CCCC(CCCC(C)C)C)C,0.769
[CH2]1CC[C]2(CC1)CC[CH2]CC2,0.874
CCCCCCCCCCCCCCCCC1CCC2CCCCC12,0.844
CC(=CC)CCCCCCCCCCCCCCC,0.788
CCCCCCCCCCCCCCCC(CCCCCCCC)CCCCCCCC,0.8
C1(=CC=C(C=C1)C(=O)OCC)C(=O)OCC,1.097
C(CCCc1ccccc1)CCc2ccccc2,0.938
CCCCCCCCCCCCCCCCCCCCCCC1CCC2CCCCC2C1,0.86
CCCC(C1CCCCC1)C2CCCCC2,0.88
CCCCCCCCCCCCCC(CCCC)CCCCCCCC,0.791
C(C)C(CCCC)CCCCCCCCC(CCCC)CC,0.896
C(CCCCCCCCC(=O)OCCCCCCCCCCCC)(=O)OCCCCCCCCCCCC,0.865
CCCCC(c1ccccc1)c2ccccc2,0.953
CCCCCCCCCC,0.715
CCCCCCCCC(CCCCCC)CCCCCCCC,0.784
CCCCCC(c1ccccc1)c2ccccc2,0.944
CCC1=C(C2=CC=CC=C2C=C1)C,0.984
CCCC(CC)(CCC)CCC,0.756
C(CCCCCCCCCCCCCCCCCCCC)C1=CC=CC=C1,0.84
CCCCC(CC)CCC(CC)CCCC,0.77
C(CCC)C(CC1CC2CCCCC2CC1)CCCCCCCCCCCCCCCC,0.854
CCCCCCCCC(CCCCCCCC)CCCCCCCC,0.789
CCCCCCCCCCCC(CCCC)CCCC,0.777
CCc1cccc(Cc2ccccc2)c1,0.966
CCCCCCC(CCC)(CCC)CCCC,0.842
CCCCCCCCCCCCC=C(c1ccccc1)c2ccccc2,0.915
CC(C)CCCC(CCCC(CC)C)(O)C,0.899
CCCCCCCCc1cc2cc(C)ccc2cc1C,0.921
CCCCCCCCCCCCCCCC1CCCCC1,0.815
CCCCCCCCCCC1CCCC(CCCCCCCCCC)C1,0.817
CCCCCCCCC(CCCC1CCCC1)CCCC2CCCC2,0.845
C(CCCCCC1CCCCC1)CCCCC2CCCCC2,0.845
C(CCC)C1C(CCC1)CCCCCCCCCCCC,0.812
CC(C)Cc1cccc2CCCCc12,0.924
CC(C)CCC(CCC(C)C)CC1CC(CCC1C)C(C)C,0.819
C(CCCC)OC(=O)C1=CC=C(C=C1)C(=O)OCCCCC,1.23
CCCCCCCCCCCCCC,0.748
C1(=CC=CC=C1)C1CC2CCCCC2CC1,0.971
CCCCCCCCC(CCC)c1ccc2ccccc2c1,0.906
C(CCCCCCCCC)C(CCC1CCCCC1)CCC1CCCCC1,0.859
COCCOCCOCCOCCOCCOC,1.012
CC(C)(CC(CCC(CCC(CC(C)(C)C)C)C)C)C,0.777
CCCCCCC(CCCCCC)CCCCCC,0.774
CCCCCCCCC1CCCC1,0.798
C(CCCCCC)OCCOCCOCCO,1.037
C(CCCCCCCCC(=O)OCCCC)(=O)OCCCC,0.924
C(CCCCC)C1=CC=C(C=C1)C,0.843
CCCCCCCCCCCCCCCCC(CCCCCCCCCCCCCCCC)C1CCCCC1,0.83
C1CCC2CCC3C(C12)CCCC3,0.911
C1CCC(CC1)CCC(CCCC2CCCC2)CCCC3CCCC3,0.995
CCCCCCCCCCCCCCCCCCCCCCCCCCCC,0.787
CC1=CC=C(C(=C1)C(=CCCCCCCCCC)CCCCCCCCCC)C,0.849
CCCCCCCCCCCCc1cccc2ccccc12,0.909
CCCCCCCCCCCC(c1ccc(C)cc1)c2ccc(C)cc2,0.902
CCCCC(C)(C)c1ccccc1,0.859
CCCCCCCCC=C,0.725
CCCCCCCCCCCCCCCc1cccc2ccccc12,0.901
C(C)C1CCCC2=CC=CC=C12,0.939
O=C(c1ccccc1)c2ccccc2,1.085
CCC(CC)CCCCC(CC)CC,0.763
C1(CCCCC1)CCCC(CCCC1CCCCC1)CCC1CCCCC1,0.901
CCCCCCCCCCCCCCCC(Cc1ccccc1)Cc2ccccc2,1.1
C(Cc1ccccc1)C(CCc2ccccc2)=CCc3ccccc3,1.002
C(CCCCCCCCCCCCCC)(=O)OCCCC,0.99
C(Cc1ccccc1)Cc2ccccc2,0.972
CC1CCC(CC1)C(CCCCCCCCCCC)C1CCC(CC1)C,0.858
C(CCCCCCCCCCCCCCCCCCCCCCC)C1=CC=CC=C1,0.901
CC(c1ccccc1)c2ccc(C)cc2,0.974
CCCCCCCCCCCCCCCCCCCCCC,0.779
CC(CCCCCC)CCCCCCC(CCCCCC)C,0.9
C(CCC)C1=C(C=CC=C1)CCCCCC,0.849
CCCCCCCCCCC(CCCCCCCCCC)c1ccccc1,0.842
C(CCCCCCCC)(=O)OCCCCCCCC,0.951
C(CCCCCCCCC)(=O)OCCCCCCCCCC,0.847
C(=C)OCCOCCOCCOC=C,1.093
CCOCOCOCOCOCC,0.994
C(CCCCCCC\C=C\C\C=C\CCCCC)(=O)OC,1.004
CCCCCCCCCCc1ccccc1,0.842
CCCCCCCCCCCCCC1CCCC1,0.884
C(CCCCCCCCCCCCCCCCC)(=O)OCC(C)C,0.84
CCCCCCC(C)c1cccc2ccccc12,0.928
C(CCCCC(=O)OCCCCCCC)(=O)OCCCCCCC,1.083
C(Cc1ccccc1)C(CCc2ccccc2)CCc3ccccc3,0.998
CCCCCCCCCCCCCCCCCC,0.77
C(CCCCCCC)C1CCCC2=CC=CC=C12,0.903
CCCCCCCC=CCCCCCCCC,0.79
CCCCCCCCCCCCCCCCCCC(C)c1ccccc1,0.838
CCCCCC1CCCC1,0.776
CC1=C(C(=CC(=C1)C)C)C(C1=CC=CC=C1)=O,1.038
C1CCC(C1)c2ccccc2,0.933
CCCCCC(CC)c1ccc2ccccc2c1,0.885
CC(CCCCCCCCCCCCC)=O,0.818
C(CCC)C(CCCC)=CCCC=C(CCCC)CCCC,0.808
CCCCCCCCCCC(CCCCC)CCCCCCCCCC,0.791
C(CCCCCC)(=O)OCC(COC(CCCCCC)=O)(COC(CCCCCC)=O)COC(CCCCCC)=O,0.962
CCCCCCCCCCCCCCCCCCC=C,0.813
CCCCCCCCCCCCCC(=O)OCCC,0.844
CCCCCCCCCCCCCCCC(C1CCCCC1)C2CCCCC2,0.869
CC(CC1CCCCC1)C2CCCCC2,0.87
CC(C)Cc1ccccc1c2ccccc2,0.95
C1CCC(CC1)CC2CCCCC2,0.863
C(CCCCC)C(=CCCCCC)CCCCCC,0.784
C(C=1C(C(=O)OCCCCC)=CC=CC1)(=O)OCCCCC,1.18
CC(C)CC(CCCCCCCCCCCC)CC(C)C,0.875
CC(CCCCC)CCCCCCCCC,0.764
CCc1ccccc1Cc2ccccc2,0.979
C(CCCC)C(CCCCCCCCC)CCCCCCCCCC,0.789
C1(CCCC1)CC(CCCCCC)CCCCCC,0.81
CC(C)(C)C1CCC(CC1)C(C)(C)C,0.844
COCCOCCOCCOCCOCCOC,1.102
C(C=1C(C(=O)OCC(CC)CC)=CC=CC1)(=O)OCC(CC)CC,1.075
CC(CCC(CCC(C)C)(CC(C)C)C1CCCCC1)C,0.867
CCCCCCCCCCCCCCC=C,0.768
CCCCCCCCCCCC,0.735
C(CCCCCc1ccccc1)CCCCc2ccccc2,0.916
Cc1ccc(Cc2ccccc2)cc1C,0.979
C(C1=CC=C(C(=O)OCC(C)C)C=C1)(=O)OCC(C)C,1.18
CCCCCCCCCCCCCCCCCCCCCCCC,0.786
CCCCCCCC(CCCCCC)CCCCCCC,0.779
CC(Cc1ccccc1)Cc2ccccc2,0.994
CC(C)(C)c1ccc2CCCc2c1,0.915
CCCCCCCCCCCC(CCCCCCCC)C1CCCCC1,0.823
CCc1cccc(c1)c2ccccc2,0.984
C1CCC(C1)c2ccc3CCCc3c2,0.978
CCCCCCCCCCCCCC(C1CCCCC1)C2CCCCC2,0.859
CCCCCCCCCCC(CO)CCCC,0.823
C1(=CC=CC=C1)CC(C)(C)C1=CC=CC=C1,0.957
CCOCOCOCOCC,1.045
CCCCCCCCCCCCCCCC(CCCC)CCCCCCCCCCCCCCC,0.814
C(CCCCCCCCCCCCCCCCCCCCCCCCCCC)(=O)OCC,0.942
CCCCCCCCCCC(CCCCCCCCCC)CC(C)(C)C,0.792
CCCCCCCCCCCCCCCC(C)C,0.766
C=1(C(=CC=CC1)C(=O)OCCOCCCC)C(=O)OCCOCCCC,1.044
CCCCCCC(CCC)C(CCC)CCCCCC,0.782
CCCCCC=CCCCCCCCCC,0.77
CCCCCCCCCCCCCCCc1cccc2CCCCc12,0.873
C=C(c1ccccc1)c2ccccc2,1.007
CCCCC(CC)COC(=O)c1ccccc1,0.95
CC(C)(CCCC(CCCC(C)(C)C)CCCC(C)(C)C)C,0.776
CCCCCCc1cccc2ccc(CCCC)cc12,0.916
C(CCCCCC)C1=CC=C(C=C1)CCCCCCC,0.844
C(CCC)C1C(CCCC1)CCCCCC,0.814
CCCCCCCCCC(C)c1ccccc1,0.847
CCCCCCCCCCCCCCCCCCc1cc(C)ccc1C,0.842
CCCCCCC(C)c1ccccc1,0.843
CCCCCCCCCOCCCCOCCCCCCCCC,1.011
CC(C)CC(CC(CCCCCCCCCCCC)C)C,0.779
C(C=1C(C(=O)OCCCCCCCC(C)C)=CC=CC1)(=O)OCCCCCCCC(C)C,0.952
C(CCCCCCCCCCCCCCCCCCCCC)(=O)OC,0.842
CCCCCCc1ccc(CCCCCC)cc1,0.845
C=1(C(=CC=CC1)C(=O)OCC(C)C)C(=O)OCC(C)C,1.022
CCC(C)(C)CCC(C)(C)CCC(C)(C)CCC(C)(C)CC,0.796
CC1=CC=C(C=C1)CC(C)C1=CC=C(C=C1)C,0.959
CC1CC(=C(CC1)C(C)C)C1=CC=C(C=C1)C,0.918
C1(=CC=C(C=C1)C(=O)OCCCCCC)C(=O)OCCCCCC,1.21
C1CCC(CC1)C2CCCCC2,0.872
CCCC(Cc1ccccc1)Cc2ccccc2,0.965
C(CCCC1CCCCC1)CCC2CCCCC2,0.848
CCCCCCCCCCCCCCCCCCCCC1CCCCC1,0.815
CCCCC1CCC(CC1)C2CCCCC2,0.872
C1CCC(C1)C2CCC(C2)C3CCCC3,0.881
CC(CC(CCCCCCCCCC)CCCCCCCC)(CCCCCCCCCC)CCCCCCCC,0.783
C=1(C(=CC=CC1)C(=O)OCCCCCCC(C)C)C(=O)OCCCCCCC(C)C,0.96
CCCCC(CCCC)=CCCC,0.757
CCCCCCC(C)CCCC,0.739
C(C)C(COCCCCCCOCC(CCCC)CC)CCCC,0.998
C(C)C1=CC=C(C=C1)C(CCCCCCCCCC)C,0.847
C(CC)OCCOCCOCCC,0.869
C(CCCCCCCCCCCCCCCCCC)OC,0.916
C(CCCCCCCCCCCCCCCCC)C1CC2=CC=CC=C2CC1,0.874
C1CCC(CC1)CCC(CCCC2CCCC2)CCC3CCCCC3,0.886
CCCCCCc1ccc2cc(CCCCCC)ccc2c1,0.904
CC(Cc1ccccc1)c2ccccc2,0.963
CC(CC(C1=CC=CC=C1)C1=CC=CC=C1)C,0.951
C1(CCCCC1)C(CC1CCCCC1)C1CCCCC1,0.956
C1(CCCC1)CCCC(CCCCCCCC)CCCC1CCCC1,0.845
CCCCCCCCCCCCC(CCCCCCCCCCCC)C1CCCCC1,0.828
CC(C)CCC(C)(C)c1ccccc1,0.856
CC1=C(C=CC=C1)C(C1=CC=CC=C1)=O,1.094
C(CCCCCCCCCCCCCCC)C1=CC(=CC(=C1C)C)C,1.0
CCCCCCCCC1CCC(CC1)C2CCC(CCCCCCCC)CC2,0.861
CC(C)c1ccccc1c2ccccc2,0.969
CCCCCCCCCCCCCCCCCC(=O)OCCCCCCCCCC,0.863
CCCC(CC)C1CCCCC1,0.81
CCCCCCC(C)C(C)C(C)C(C)CCCCCC,0.799
CCCCCCc1cc2ccccc2cc1CCCC,0.92
C1(=CC=CC=C1)C(CCCCCCCCCCCCCC)CCCCCCCCCCCCCC,0.837
CC(C)CCCC(C(CCC(CCCC(C)C)C)C)C,0.876
CC(C)CC(C1CCCCC1)C2CCCCC2,0.878
CC(CC(C1=CC=CC=C1)C1=CC=CC=C1)(C)C,1.007
C(CC)C(CCCCCCCCCC)C(CCCCCCCCCC)CCC,0.809
C1CCC2C(C1)CCC3CCCCC23,0.931
C(CCCCC)C1=CC=C(C=C1)CCCCCC,0.845
C1(=CC=CC=C1)C(CCCCCC)CCCCCCCCC,0.98
CCC(C)C1CCCc2ccccc12,0.915
C(CCC)C(CCCC)C(CCCC)CCCC,0.779
CC(CCC1CCCCC1)C2CCCCC2,0.868
CCCCC(C1CCCCC1)C2CCCCC2,0.876
COCCOCCOCCOCCOC,0.993
C(CCC(=O)OCCC(C)C)(=O)OCCC(C)C,0.942
CCCCCCCCCCCCCCCCCCC1CC(C)CCC1C,0.82
CCCCCCCC1CCCc2ccccc12,0.976
CC(=CCCCCCCC)CCCCCCCC,0.78
CC(C)CCCC(C)CCCC(C)CCCCC(C)CCCC(C)CCCC(C)C,0.796
CCCCCCC=CCC,0.73
CCCCCCC(c1ccccc1)c2ccccc2,0.937
C=1(C(=CC=CC1)C(=O)OCCCC)C(=O)OCC1=CC=CC=C1,1.105
C1(=CC=CC=C1)C(CC(C)C)C1=CC=CC=C1,0.951
C1(CCCCC1)CCC=1C=C2CCCCC2=CC1,0.959
CC(C)CCC1CCCCC1,0.793
C(CCCCCCC)OCCCCCCOCCCCCCCC,1.024
C(CCC(=O)OCCCCC)(=O)OCCCCC,0.945
CC(C)C(CCCCCCCCCCCCCCCC)C,0.783
O(c1ccccc1)c2ccccc2,1.058
C(CCC)OCCOCCOCCOCCOCCO,1.017
CC(c1ccccc1)c2cc(C)ccc2C,0.972
C(c1ccccc1)c2cccc3ccccc23,1.15
C(CCCCCCCCCCCCCCC)(=O)OCCCCCCCCCCCCCC,0.935
CCCCCCCCCCCCOC(=O)c1ccccc1,0.997
C(C(C)C)C(CC(C)C)CCCCC(CC(C)C)CC(C)C,0.792
C(C1=CC(C(=O)OCC(C)C)=CC=C1)(=O)OCC(C)C,1.2
CCCCCCC1CC2CCCCC2CC1CCCC,0.863
C1(CCCCC1)C(CCCCCCCCCCCC)C1CCCCC1,0.966
CCCCCCCCCC(CCCCCCCCC)CCCCCCCCC,0.796
CCCCCCCCC1CCCCC1,0.8
C(OCc1ccccc1)c2ccccc2,1.025
CCCCCCCCc1cccc2c(C)ccc(C)c12,0.938
C(CCCCCCCCCCCCCCCCC)(=O)OC(C)(C)C,0.99
C(CC)(=O)OCC(CCCCCCC)CCCCC,0.85
CC(CCCCC)CCCCCCCCCCCC,0.775
CCCCCCCC(CO)CCCCCCC,0.824
C(COCCOCCCCCCCCC)O,0.943
C(CCCCC)C(CCCCCC)=CCCCCCCC,0.927
C(CCCCCCC)OCCOCCOCCO,0.939
C1(CCCCC1)C1CC(CCC1)C1CCCCC1,0.923
CCCCCCCCCCCCCCCc1ccccc1,0.842
CCCCCC=CC(C)CCC,0.748
CC(C)(CCC=C(CCCC(C)(C)C)CCCC(C)(C)C)C,0.85
CCCCCCCCCCCCCC(=O)OC,0.852
CCCCCCCCCCCC(CCCC)CCCCCCCCCC,0.791
CC(C)(C=CC(CCCCCCCC)C)C,0.77
CCOCCOCCOCCOCC,1.058
C(C1=CC=CC=C1)C1=CC=C(C=C1)OC,1.039
CCCCCCCCCCCC1CCCCC1,0.811
CCC(CC1CCCCC1)C2CCCCC2,0.9
C(CCCCCCCC)C(CC=CCCCCCC)CCCCCCCCC,0.967
CCCCCCCCCCCCC(CCCCCCCCCCCC)c1ccccc1,0.839
C(C)C1=CC=C(C(=O)C2=CC=CC=C2)C=C1,1.07
CCCCCOC(C)(C)CC(C)(C)C,0.838
CCCCCCCCCCCCCCCCCCCCC,0.778
CCc1ccc(Cc2ccccc2)cc1,0.965
C(CCC)C1=CC=C(C=C1)CC1=CC=CC=C1,0.944
C1CCC(C1)CCCC(CCc2ccccc2)CCc3ccccc3,1.063
C(CCC=CCC=CCC=CCC=CCC=CCC=CCC)(=O)OC,1.087
C(CCCCCCCCCCCCCCC)(=O)OCCCCCCC,0.85
CC(C)CC(CC(CCCCCCCCCCCCC)C)C,0.781
CCCCCCCCCCCC(CCCCCC)CCCCCC,0.79
C(CCCC=CCC=CCC=CCC=CCCCCC)(=O)OC,1.052
CCCCCCCCCCCCCCCCCC(CCCCCCCC)CCCCCCCC,0.801
CCCC(CC)c1ccccc1,0.844
C1(CCCC1)C1C(CCC1)CCCCCCCCCCCCCCCCCC,0.858
CCCCCCCCCC1CCCC1,0.87
CCCCCCCCCCCCCCCCCCCCC(C)(C)C,0.78
C(CCCCC(=O)OCC(C)C)(=O)OCC(C)C,0.934
C(CC)OCCOCCOCCC,0.869
CC(C)C1=CC=C(C=C1)CC(C)C1=CC=C(C=C1)C(C)C,0.968
CCCCCC1CCCCC1C,0.801
C(CCC)C(=CCCCCCCCCCCCCCCCC)C1=CC2=CC=CC=C2C=C1,0.902
CCCCCCCCCCCC1CCCC2CCCCC12,0.86
C1(CCCCC1)CCOC(C)CCC(C)OCC(CCCC)CC,1.044
CC(CCCC(C)C)C1CCC(CC1)CCCC(C)C,0.821
CCCCCCC(CCC)CCCCCC,0.762
CCCCCCCCC(CCC)C1CCC2CCCCC2C1,0.855
CCCC(=O)OCC(COC(=O)CCC)OC(=O)CCC,1.017
CC(CC)(C)C1CCCCC1,0.814
CCCCCCCCCCCCCCCCCCc1ccc(C)cc1,0.842
C(CCCCCCCCCCCCCCC)(=O)OC(C)C,0.837
CCCCCCCCC1CCCc2ccccc12,0.903
C1(CCCCC1)C1=CC2=CC=CC=C2C=C1,1.009
CCOC(=O)C=Cc1ccccc1,1.032
CCCCCCCCCCC(CCCCCCCCCC)C1CCCC2CCCCC12,0.859
CCC1(CCCCC1)CCC2(CC)CCCCC2,0.891
C(CCC)C1=C(C=C(C=C1)C(CCC)C)C(CCC)C,0.868
C(CCCCCCCCC)C(=CCCCCCCCCC)CCCCCCCCCC,0.948
CCCCCCCCCCCCCCCCC(CCC)C1CCCCC1,0.826
CCCCC(CC)COC(=O)CCCCCC(=O)OCC(CC)CCCC,0.91
CCCCCC1CCCc2ccccc12,0.914
C1(CCCC1)CCCCCCCCCCCCCCCCCCCCC,0.814
CCCCCCCCCCCCCCCC(CCCC)CCCCCC,0.793
C(CCC)(=O)OCCCCCCCCCCCCCCCC,0.912
C(C(CCC(=O)OCC(CCCC)CC)C(=O)OCC(CCCC)CC)C(=O)OCC(CCCC)CC,0.938
C(CCCCCCCCCC)C(CCCCCCCCCCCC)CCCCCCCCCCCC,0.804
C(CCCCCCCCC)C(CCCCCCCCCC)CCCCCCCCCC,0.799
C=1(C(=CC=CC1)C(=O)OCCOC)C(=O)OCCOC,1.16
C(CCC(=O)OCCCCCCCCC)(=O)OCCCCCCCCC,0.902
CCCCCCC(C)C1CCCCC1,0.81
CCCCCC(CCCCC)C(CCCCC)CCCCC,0.795
CC(CCC(=O)OC)CCCC(CCCC(CCCCCC)C)C,1.011
C(CCCCCCC)C(CCCCCCCC)CCCCCCCCCCCCCCC,0.8
CCCC(CCC)(CCC)C(C)C,0.768
C(CCCC)OCCOCCOCCOCCOCCO,1.006
C(C)C(COC1CCC(CC1)OCC(CCCC)CC)CCCC,1.057
CCCCCCCC1CCCCC1,0.797
CCCCCCCCCCCCCC1CCCCC1,0.818
C(CCCCCC)C1C(CCC1)CCCCCCC,0.818
CC(c1ccccc1)c2ccccc2,0.985
CCCCCCC1CCCCC1,0.794
CC(C)(C)c1cccc(c1O)C(C)(C)C,0.923
C(\C=C/C(=O)OCCCCCCC)(=O)OCCCCCCC,0.936
CCCCCCCCCCCCCCC=C(Cc1ccccc1)Cc2ccccc2,0.913
C(C)(C)C1C(CCCC1)C1CCCCC1,0.884
CCCCCCCCCCCC(CCCCCCC)C1CCC(C)CC1,0.823
CCCCC(=CCCCCCCC=C(CCCC)c1ccccc1)c2ccccc2,0.923
C1CCC(C1)C2CCCC2,0.85
C(C)OC(C(=C(CCCCCCCCCCCCC)O)CCCCCCCCCCCC)=O,0.967
CC1=CC=CC2=CC=CC=C12,1.004
C(CCCC)C1=CC=C(C=C1)C1CCC(CC1)CCC,0.975
C(CCCCCC)C=1C=C2CCCC2=CC1,0.9
C(C1=CC=CC=C1)C(CC1=CC=CC=C1)CC,0.956
CC1=CC=C(C=C1)CCCCCCCCCCCCCCCCCC,0.842
C(C)C(CCCC)=CCCCCCCC=C(CCCC)CC,0.958
CC(CCCCCC)OCCCCCCOC(CCCCCC)C,1.007
CCCCCC(CCC(CCC(C)C)CCC(C)C)CCC(C)C,0.789
CC(CC1CCCCC1)CC2CCCCC2,0.861
CCCCCCOCCOCCOCCCCCC,0.859
CC(CCC)C1=C(C=CC(=C1)C(CCC)C)CCC,0.859
C1CCC(CC1)CCCC2CCCC2,0.854
CCCCCCCCCCCCCCCC1CCCC2CCCCC12,0.856
CCCCCCCCCCCCCCCCCCC1C(C)CC(C)CC1C,0.821
C(CCCCCCC)C1=CC=C(C=C1)CCCCCCCC,0.845
CCCCCCCCCCCCCCCC1CCCC1,0.89
CC(C1CCCCC1)C2CCCCC2,0.881
C(C)C1C(CCCC1)C1CCCCC1,0.88
CC(C)CC(CC(CCCCCCCCCCCCCC)C)C,0.784
C(CCC(=O)OCCCCCCCCCCCC)(=O)OCCCCCCCCCCCC,1.017
C(CCCCCCCCCCCCCCCCCC)C1=CC=CC=C1,0.843
CCC1c2ccccc2C(CC)c3ccccc13,1.002
C1(=CC=CC=C1)C(CCCCCC)CCCCCCC,0.945
CCCCCCCCCCCCC1CCCC1,0.805
C1(=C(C=CC=C1)CC1=C(C=CC=C1)C)C,0.967
CC1=C(C=CC=C1)CC1=CC=CC=C1,0.988
CCCCCCCCCCCCCCCCCCC(C)C1CCCCC1,0.824
CCCCCCCCC(CCCCCCCC)C1CCCCC1,0.822
CCCCCCCCc1ccccc1,0.842
C(CCCCCCCCC(=O)OCCCCCCCCCC)(=O)OCCCCCCCCCC,0.896
C(C)OCCOCCOCCOCC,1.058
C(CCCCCCCCCCCC=CCC=CCCCCC)(=O)OC,1.037
CCCCCCCCCCCC1CCCC1,0.893
C(C(=O)OCCCCCCC)(=O)OCCCCCCC,0.924
CCC(CC)CCCCCCCCC(CC)CC,0.78
Cc1ccccc1Cc2ccccc2,0.988
CCC(c1ccccc1)c2ccccc2,0.976
C1CCC(CC1)CCCC2CCCCC2,0.859
C(C)C(CC)=CCCCCCCCCCCCCCC,0.893
C1CCC(C1)C2=CC=CC=C2C3CCCC3,0.966
C(C)C(CCC(C)C)(CCC(C)C)C1=CC=CC=C1,0.882
C(CCCCCCCCC)C(CCC1CCCCC1)CCC1CCCCC1,0.859
CCCCc1cccc2ccccc12,0.961
CC(C)(CC(CCCCC(CC(C)(C)C)C)C)C,0.835
CCCCCCCCC(CCCCCCCC)CCc1ccccc1,0.843
C1CCC(C1)CCCC(CCCC2CCCC2)=CCCC3CCCC3,0.889
C=1(C(=CC=CC1)C(=O)OCCCCCCCC(C)C)C(=O)OCCCCCCCC(C)C,0.952
CCCCCCCCCCC(CC)CC,0.763
C1(CCCCC1)CC(CCCCCCCCCC)CCCCCCCCCC,0.823
CCCCC(CC)CC(C(C)C)C(CC(CC)CCCC)C(C)C,0.806
C(CCCCCCCC)C(CC=CCCCCCC)CCCCCCCCC,0.967
CC(CCCC)OCCCCCCCCCCOC(CCCC)C,0.996
C(CCCCCCCCCCC)C1CCC(CC1)CCCCCCCC,0.818
C1(CCCC1)CCCC(CCCCCCCC)CCCCCCCC,0.816
C(C)C1C(C(C(C(C1CC)CC)CC)CC)CC,0.862
CC(C)CC(C(CC(C)C)(C1=CC=C(C=C1)C(C)(C)C)C)(C1=CC=C(C=C1)C(C)(C)C)C,1.053
C(C1=CC=CC=C1)C(CC1=CC=CC=C1)CCCCCC,0.893
C1(=CC=C(C=C1)C(=O)OCCCC)C(=O)OCCCC,1.19
CCCCCCCCCCc1cccc(CCCCCCCCCC)c1,0.84
CCCCCCCC\C=C/CCCCCCCC(=O)OC,0.859
CC(C)CCCC(CCCCC(CCCC(C)C)C)C,0.773
CC(C)(CCCCCCCCCC)O,0.906
CCC(Cc1ccccc1)c2ccccc2,0.953
C(CC)C(CCCCCCCCC)C(CCCCCCCCC)CCC,0.806
C(CCCCCCCCCCCCCCCCC)C1CCCC1,0.971
CCCC(CC1CCCCC1)CC2CCCCC2,0.86
CCCCc1ccccc1c2ccccc2,0.954
C(CCC)C(CCCCCCCCCCCCCCCCC)C1CCC2(CC1)CCCCC2,0.86
CCCCCCCCCCCc1ccccc1,0.843
C1CCC(C1)CCCC(CCCC2CCCC2)CCc3ccccc3,0.908
C1(=CC=CC=C1)C(=CCCCCC)CCCCCC,0.864
CCCCCCCCCCCCCCCC(c1ccccc1)c2ccccc2,0.898
CCCCC(CC)Cc1cccc2ccccc12,0.935
CCCCCCCCC(C)c1ccccc1,0.846
CC(CCOCCCCOCCC(CC(C)(C)C)C)CC(C)(C)C,1.007
C(CC)C(CCCCCCCC)C(CCCCCCCC)CCC,0.905
CC(C)CCCCCCCCCCCCC,0.757
CCCCC(CC)CC1CCCC2CCCCC12,0.862
C(CCCCC(=O)OC1CCCCC1)(=O)OC1CCCCC1,1.22
C(CCCC(=O)OCCC(C)C)(=O)OCCC(C)C,0.93
CCCCCCCCCCCCCC(CCCCCCCC)CCCCCCCC,0.8
CCCCCCCCCCCCCCCCC(CCC)c1ccccc1,0.84
CCCCCCCCC1CCCC2C(C)CCC(C)C12,0.863
CCCCOCCOCCOCOCCOCCOCCCC,1.124
CC(C(=O)OC)C(C(CCCCCCCCCCCC)C)C,1.006
C(C)C(CC)CCCCCCCCCCCCCCCCCCCCC,0.793
C1(CCCCC1)C(CCCCCCCCCCCCCC)CCCCCCCCCCCCCC,0.829
C(CCCCCC)C(CCCCCC)(CCCCCCCC)CCCCCCC,0.805
C(CCC)C(CCCCCCCCCCCCCCCCC)C1=CC=CC=C1,0.848
C1(=CC=CC=C1)C=CCCCCCCCCCC(CCC)CCC,0.993
CCCCCCCCCCC(CCCCCCCCCC)C1CCCC1,0.821
C1(=CC=CC=C1)C(=CCCCCCCCCCCC)C1=CC=CC=C1,1.033
CCCCCCCCCCCCCC(CCCCCC)C1CCCCC1,0.842
CCCCCCC(CCC)C1CCC(CC1)C2CCCCC2,0.866
CCCCCCCCCCCCCCCC(CCC)CCC,0.776
C1(=CC=CC=C1)CC1=C(C=CC=C1)O,1.111
C(C)C1=CC=C(C=C1)C(C)C1=CC=CC=C1,0.963
C(COCCOCCOCCOCCO)O,1.112
CCCCCCCC\C=C/CCCCCCCC(=O)OCCC,0.854
CCCCCOc1ccccc1,0.911
CCCCCCC(CCCCC)c1ccc2ccccc2c1,0.906
C(CCCCC(=O)OCC(C)C)(=O)OCC(C)C,0.934
CCCCCCCCCCCCCCCCC1CCc2ccccc12,0.879
CCCCCCCCCCC(CCCCCCCCCC)CC1CCCC1,0.819
CCCCCCCCCCCCCCCC(CCCC)C1CCCCC1,0.825
CCCCCCCCCCCCCCCCC=C(c1ccccc1)c2ccccc2,0.909
CC1C(CCCC1)C1CCCCC1,0.874
C(CCCC=CCC=CCC=CCC=CCCCCC)(=O)OCC,1.032
C1(=CC=CC=C1)C(C(C)C)C1=CC=CC=C1,0.962
C(CCCCCC)C(=CCCCCCC)CCCCCCC,0.793
CCCCCCCCCCc1ccc(CCCCCCCCCC)cc1,0.84
CCCCCCCCCCCCCCc1ccccc1,0.844
CCCCCCCCCCCC(CCCC)c1ccccc1,0.986
CCCCCCCCCCCCC1C(CCC1C2CCCC2)C3CCCC3,0.878
C1(CCCCC1)CC1CC(CCC1)CC,0.889
CC(CCCCCC)C=CC(CCCCCC)C,0.832
C(CC)C(CCCCCCC)CCCCCCC,0.779
CCCCCCCCCCCCCCCCCC(CC)C1CCCCC1,0.826
CCCCCCCCCCCCCCC,0.755
C1(CCCCC1)C(=O)OCC,0.947
C(CC(CCCc1ccccc1)c2ccccc2)Cc3ccccc3,0.991
CCCCCCCCCCCCCCC=C(c1ccccc1)c2ccccc2,0.909
CCCCC(CCCC)CCCCCC(CCCC)CCCC,0.793
C1CCC(C1)CCC(CCC2CCCC2)CCC3CCCC3,0.883
C1(=CC=CC=C1)C(=CCCCCCCCCCCCC)C1=CC=CC=C1,0.915
C(CC)C1CC2CCCCC2CC1,0.875
C(CCCCCC)C(=CCCCCCC)CCCCCCC,0.793
C(CCCCC(=O)OCCCCCC)(=O)OCCCCCC,1.065
C(CCCCCCCCCCCCCCC)(=O)OC(CC)C,0.842
CC(C1CCCC1)C2CCCC2,0.864
CCCCCCCCCC(C)=O,0.811
CCCCCCCc1ccc(C)c(C)c1,0.859
C1CCC(CC1)CCc2ccccc2,0.912
CCCCCC1CCCCC1,0.788
CCCCCCCCCCC(=CCCCCCCCCC)c1ccccc1,0.85
C1(CCCCC1)C1=CC=CC2=CC=CC=C12,1.028
C(CCCCCCC\C=C/CCCCCCCC)(=O)OCC,0.855
CC(CC)C1CCC(C2CCCCC12)C(CC)C,0.939
CCCCCCCCCC(CO)CCCCC,0.823
C(CCC)C(CCCC)(CCCC)C1CCCCC1,0.817
C1(CCCCC1)C(CCC)CCCCCCCCC(CCC)CCC,0.982
C(CC)C(=CCCCCCC)CCCCCCC,0.783
C(CCCCCCCCCCCCCCCCC)(=O)OCCCC,1.01
CC(C)(CCCCCCCCCCCCC(C)(C)C)C,0.93
C1CCC(C1)CCCc2ccccc2,0.903
CCCC(CC(C)C)CC(C)C,0.73
C(CCCCCCCCC)C1CC2CCCCC2CC1,0.855
C1(CCCCC1)CCC(CCCC1CCCC1)CCC1=CC=CC=C1,0.911
CC(C)Cc1cccc2ccccc12,0.958
C(CCC)C(CCCCCCCCCCCCCCCCCCCCC)C1=CC=CC=C1,0.846
C(CCCCCCC)C1C(CCC1)CCCCCCCC,0.818
CCCCCCC(C)CC(C)C,0.734
CCCCCCC(CCC)O,0.811
CCCCCCCCCCCCC=C,0.758
C1CCC(CC1)c2ccccc2,0.928
CCCCCCCCCCCCCCCC(CC)CC,0.783
CCCCOCCOCCOCCOCCCC,1.058
CC1=CC=C(C=C1)C(C)C1=CC=CC=C1,0.974
CC(C=C)CCCCCCCCCCC,0.761
CC(CCC)(C)C1CCCCC1,0.819
C(CCCCCCCC)(=O)OC(CCCCCC)C,0.842
CCCCCCCCCCCCCCCC(C1CCCC1)C2CCCC2,1.001
CCCCCCCCCCCCCCCCCC(CCCC)CCCC,0.794
C(CCCCC(=O)OCCCCC)(=O)OCCCCC,0.933
C(C=1C(C(=O)OCCCCCCCCC)=CC=CC1)(=O)OCCCCCCCCC,0.957
CC(=C)C1C(CC(CC1)C)C1=CC=CC=C1,0.93
CCCCCCCCCCCCCCCCCCCCCC(CC)CC,0.793
CCCCCCCc1ccccc1CCCCCCC,0.845
C(CCCCCCCCC)C=1C=C2CCCCC2=CC1,0.889
CCCCCCCCCCCCCC(CCCCCCCCCCCC)CCCCCCCCCCCC,0.806
C=1(C(=CC=CC1)C(=O)OCC(C)C)C(=O)OCC(C)C,1.022
CC1=C(C=C(C=C1)CCCCCCC)C,0.859
CC(=CC(C)(C)C(C)(C)C)C(C)(C)C,0.787
CCCCCCCCCCCCc1cc(ccc1C)C(C)C,0.848
CCCCCCCCCCC(CCCCCCCCCC)C(CC)CC,0.798
CC(CC)(CCCC(CCCC(CC)(C)C)C)C,0.777
C(C)(=O)O.OC(CCCCCCCCCCC(=O)OC1=CC=CC=C1)CCCCCC,1.18
C1(=CC=C(C=C1)C(=O)OCCCCCC)C(=O)OCCCCCC,1.21
CCCCCCCCCCCC=C,0.751
C1(CCCCC1)CCOCCCCCCOCCC1CCCCC1,1.065
CCCCCCCCCCCCCCCCC=C,0.776
C(C)(=O)OCCOCCOC(C)=O,1.24
CCCCCCCCCCC(CCCCCCCCCC)CC1CC(C)CC1C,0.815
CC(C)(C)C(C(C1CCCCC1)C(C)(C)C)C1CCCCC1,0.891
CCCc1ccc2ccccc2c1,0.961
CCC(C1CCCCC1)C2CCCCC2,0.883
COC(C)COC(C)COC(C)COC,1.026
C(CCCCCCCCC(=O)OCCCCC)(=O)OCCCCC,1.104
CCCCCCCCCCCCCCCCCCC,0.772
CCCCCCC1CCCc2ccc(CCCC)cc12,0.89
CC(CC1CCC(C2=CC=CC=C12)CC(C)C)C,0.901
CCCCCCCc1ccccc1,0.843
CCCCCCCCCCCCCCCC(=O)OC,0.838
C(C1=CC=C(C(=O)OCCCCCCC)C=C1)(=O)OCCCCCCC,1.151
C(CCCCCCCC(=O)OCC(C)C)(=O)OCC(C)C,0.921
CC(CCC(CCC(C)CC(C)(C)C)CCC(C)CC(C)(C)C)CC(C)(C)C,0.798
CCc1ccc(cc1)C(C)c2ccccc2,0.963
CCCC(CCC)CCC,0.721
C1(=CC=CC=C1)C(C)=CCCCCCCCC,0.942
C(CCCCC(=O)OCC(CCCC)CC)(=O)OCC(CCCC)CC,0.909
C(C)C(CC)=CCCCCCCC=C(CC)CC,0.804
C(CCCC)C1CCC(CC1)CCCCC,0.809
CC(C)CCCCCCCCC(C)C,0.755
CCCCCCCCCCCCCCCCCCCCC=C(CCCC)c1ccc2ccccc2c1,0.877
CCCCCCC(CCCc1ccccc1)CCCc2ccccc2,0.904
CCCCCCCCCCCCCCCC(CC)=CC,0.784
CCCCCCCCCCCC(CCCCCCCCCC)CCCCCCCCCC,0.802
C(CCCCCCCCCCC)(=O)OCC(CCCC)CC,1.005
CC(C)c1ccc(Cc2ccccc2)cc1,0.973
C(CCCCC)C(CCCC1CCCCC1)CCCCCC,0.842
CC(CCOCCCCOCCC(CC(C)(C)C)C)CC(C)(C)C,1.007
CCCCCCCCCCCCCCCC(CCCC)c1ccccc1,0.839
CC(C)(c1ccccc1)c2ccccc2,0.985
CCCCCCCCCCC(CCCCCCCCCC)c1cc(C)ccc1C,0.846
C(C)C(CC1CCC(C2CCCCC12)CC(CCCC)CC)CCCC,0.865
C(C1=CC(C(=O)OCCCCCC)=CC=C1)(=O)OCCCCCC,1.17
C(CCCC)(=O)OCC(COC(CCCC)=O)(COC(CCCC)=O)COC(CCCC)=O,1.003
C1(=CC=CC=C1)C(CCCCCCCC)C1=CC=CC=C1,1.049
CCCCC/C(=C/CCCC)/C,0.754
C1(CCCCC1)C(CC)(C(CC)(C)C1CCCCC1)C,0.916
C(CC)C(CCCCCCCC)C1CC2CCCCC2CC1,0.855
C(CCCCCCC)C(CCCCCCCC)CCCCCCCCCC,0.8
C(C)(C)C1C=CC(C2=CC=CC=C12)C(C)C,0.933
CCCCCOCCCCC,0.766
CC(CC=CC1=CC=CC=C1)CCC=C(C)C,0.877
CC1(CCC2=CC(=C(C=C12)C(C)C)C(CCCC)C)C,0.98
CC(=CCCCCC)CCCCCC,0.76
C(=C)C(CCCC)CCC=CCCCCC,0.775
CC=1C=C(C(=O)C2=CC=CC=C2)C=CC1C,1.079
C1(=CC(=CC=C1)C(=O)OCCC(C)C)C(=O)OCCC(C)C,1.159
C(CCCCCCCCCCCCCCCCCCCCCCCC)C1=CC=CC=C1,0.895
CCCCCCC(C1CCCCC1)C2CCCCC2,0.877
CCCCCCCCCCCCCC(CCC)CCC,0.78
CC(CCCCCCCCCCCCC(=O)OC)C,0.978
CC(C)(CC(CC=C(CCC(CC(C)(C)C)C)CCC(CC(C)(C)C)C)C)C,0.796
CC(=CC1=CC=CC2=CC=CC=C12)CC(C)C,0.951
CCCCCCCCCC(CCCCCCCC)c1ccc(C)cc1,0.842
C(C)C1=C(C=C(C2=CC=CC=C12)C)C,0.997
CCCCCCCCC(CCC1CCCCC1)CCC2CCCCC2,0.854
Cc1ccccc1c2ccccc2,0.997
CCCCCCC1CCC(CC1)C2CCCCC2,0.864
CC(C)C1CCCc2ccccc12,0.957
CCCCCCCCC1CCCc2c(C)ccc(C)c12,0.909
C(CCC)C(CCCC)(CCCC)CCCC,0.764
CCCCCCC=CCCCCCCC,0.763
CCCCCCCCC1CCC(CC1)C2CCCCC2,0.86
Cc1ccc(Cc2ccccc2)cc1,0.979
C(CCCCCCCCCCC)(=O)OC(CCCCCCCCC)C,0.84
C(COCCOCCOCCOCCO)O,1.111
C=1(C(=CC=CC1)C(=O)OCCCCCCCCC)C(=O)OCCCCCCCCC,0.957
C(CCCCC)OCCOCCOCCO,0.953
CCCCCC=CCCCCCC,0.752
C(C=1C(C(=O)OC(C)CC)=CC=CC1)(=O)OC(C)CC,1.17
CC(C)CCCC(CCC(CC(C)C)CC(C)C)C,0.823
CC(C)C(C(C)C)C1CCCCC1,0.815
