SMILES,Viscosity_100C
CCCCCCCCCCCCCCCCCC=C,0.19062036
C1(CCCCC1)C1C(CCCC1)C1CCCCC1,1.481604541
CCCCCCCCCCCCc1ccc2ccccc2c1,0.716302026
C(=CCCCCCCCCCCCCCC)C1=C(C=C(C=C1C)C)C,0.470003629
C(C)OCCOCCOCCOCCOCC,0.78845736
OCCOCCOCCOCCOCCOCCO,1.927775273
CCCCCCCCC(CCCCCCCC)CCCC1CCCC1,0.770108222
C(C)(=O)OCCCCCCCCCCCCCCCCCCC,0.832909123
CCC(C)(c1ccccc1)c2ccccc2,0.508039747
C(CCC)C(CCCC)CCC(CCCC)CCCC,0.09531018
C1(=CC=CC=C1)C(=CCCCCCCCCC)CCCCCCCCCC,0.920282753
C(CCCCCCCCC(=O)OCCC)(=O)OCCC,1.029619417
CCCCC(CCCC)CCCC,-0.733969175
C1CCC(C1)CCCC(CCCC2CCCC2)CCCC3CCCC3,1.327075001
C(CCCCCCCCCCCCCCCCC)C=1C=C2CCCCC2=CC1,1.591273942
C1(=CC=CC=C1)CCCCCCC1=CC=CC=C1,0.476234179
CCCCCCCCCC1CCC(CC1)C2CCCCC2,1.071970528
CCCCCCCCCCCCCCCC=C,-0.051293294
CCCCCCc1cc2CCCCc2cc1CCCC,0.63180355
C(C(C)C)C(CC(C)C)CCCCCCCCCCCCCCC,0.641853886
CCCCCCCCCCCCCCCC(CCCCCC)CCCCCC,0.90198489
CCCC(=O)c1ccccc1,-0.463624022
CCCCCCCC1CCCC1,-0.46203546
C(CCCCC)(=O)OCC(COC(CCCCC)=O)(COC(CCCCC)=O)COC(CCCCC)=O,1.372233468
C(CCCCCCCCCCCC)(=O)OCCCC,0.405465108
CCCCCCCCCCCCCCCCC=C(CCCC)c1ccc2CCCCc2c1,1.755551812
C1CCC(C1)C2CCC(C2)C3CCCC3,0.198850859
CC(C)C(C(C)C)C1=CC=CC=C1,0.518793793
C(C)C(COC(C)CCC(C)OCC(CCCC)CC)CCCC,1.774952351
C(COCCOCCOCCOCCOCCO)O,1.928618652
CCCCCCC(CCCCCC)C1CCCCC1,0.357674444
C=CCCCCCCCCCCCCCCC=C,0.182321557
C(CCCCC(=O)OCCCCCCCCCCCC)(=O)OCCCCCCCCCCCC,2.708050201
CCCCCCc1cc2ccccc2cc1CCCCCC,0.958391908
CCCCCCCCCCCCCCCCCCCCCCC1CCCCC1,1.283195176
C(CCC)C(CCCCC)(CCCCCCCC)CC,0.832909123
C(C=1C(C(=O)OCC(CCCC)CC)=CC=CC1)(=O)OCCCC,2.174751721
CCC1=CC=CC2=C(C=CC=C21)C,0.09531018
CCCCC1CCCCC1,-0.673344553
CCCCCCCCCCCC(CCCCCCC)c1ccc(C)cc1,0.959350221
CCCCCC(C)(CC)CCCC,-0.641503947
CC(C)c1ccc2ccc3ccccc3c2c1,1.117303187
CC(CCCC)OCCCCCCCCCCOC(CCCC)C,1.945910149
CC(C)CCC(C(CCC(C)C)CCC(C)C)CCC(C)C,0.262364264
CCCCCCCCCCCCCC(c1ccccc1)c2ccccc2,1.141033005
C(CCCCCCCCC)(=O)OCCCCCCC,0.336472237
CCc1ccccc1c2ccccc2,0.076822143
C1(CCCCC1)CC=C(CCC1CCCCC1)CCC1CCCCC1,1.965712776
C(COCCOCCOCCOCCOCCCCC)O,2.00148
CCCCCCCCCC=C,-0.891598119
CC1=C(C(=CC(=C1)C)C)CCCCCCCCCCCCCCCCCC,1.100077881
CC(CC(CCCCCCC)(CC(C)C)C1=CC=CC=C1)C,0.955511445
CC(CC(C)(C)C(C)(C)C)C(C)(C)C,0.058268908
CCCCCCC(CCC)c1ccc2ccccc2c1,0.799248921
C(CC)C1=CC=CC2=CC=CC=C12,0.029558802
CC1=C(C=C(C=C1)CCCCCCCCCCCCCCCC)C,0.336472237
C1(CCCCC1)CCCCCC1CCCCC1,0.732367894
CC(CCCCCCCCC)CCCCCCCCCC,0.378436436
CC(C)(C)C=1C=C2C(C(C(C2=CC1)(C)C)C)(C)C,0.875468737
C(CCC)C(CCCC)=CCCCCCCC=C(CCCC)CCCC,0.530628251
CC(C)CCC(CC(CCC(C)C)(C)C)(C)C,0.0
C1(CCCC1)CC(CCCCCCCCCC)CCCCCCCCCC,0.970778917
C(CCC)C(CCCC)(CCCCCC)CCCC,0.587786665
CCCCCCCCCCCCCCCCCC(CC)c1ccccc1,0.920282753
CCCCCCCCCOc1ccccc1,0.113328685
CCCCCc1cccc2ccccc12,0.392042088
C(CCC)C=1C=C2CCCCC2=CC1CCCC,0.78845736
C1CC[C@@H]2CCCC[C@@H]2C1,-0.083381609
C1(CCCCC1)CCCCCCCCCCCCCCCCCCC,1.360976553
CC(=C)CCCCCCCCCCCCCCCCC,-0.010050336
C(CCC)OC(C)C1=CC=C(C=C1)OC,0.693147181
CCCCCCCCCCCCCC(CC(CC)CC)CC(CC)CC,0.75612198
CC=1C(=C(C=CC1)C1=CC=C(C=C1)C)C(C)C,1.098612289
CCCCCCCCCCC(=CCCCCCCCCC)c1cccc2ccccc12,1.497388409
C(CCCC)(=O)OCCCCCCCCCCCCCCCCCC,1.064710737
COCCOCCOCCOC,-0.400477567
C(CCCCC)C(CCCCCC)(CCCCCC)CCCCCC,1.887069649
C(CCC)C1=C(C=C2CCCCC2=C1)CCCCCCCC,1.335001067
C(CCCCCCCCC(=O)OCCCCCC)(=O)OCCCCCC,1.808288771
CC(=C)CCCCCCCCCCCCCCCCC(C)=C,-0.162518929
C(CCCCCCC)C(CCCCCCCCC)CCCCCCCCCC,1.335001067
CCCCCCCC1CCC(CC1)C2CCC(CCCCCCC)CC2,1.414262092
CCCCCCCCCCC(=CCCCCCCCCC)c1cc(C)ccc1C,1.101940079
C(C)C(C(=O)OC(CC)(CC)CC)(CCCCCCCC)CC,1.704748092
CCCCCCCCCCCCCCCC,-0.105360516
C(CCCC)C=1C=C2CCCCC2=CC1CCCCC,1.064710737
C1(CCCCC1)CCCCCCCCC1CCCCC1,0.78845736
C(C1=CC(C(=O)OCCCCC)=CC=C1)(=O)OCCCCC,1.410986974
CCCCCCCCCCCCCCC1CCCCC1,0.530628251
C(CCCCCCCCC)C1=C(C=C(C=C1C)C(C)(C)C)C,1.30833282
C(c1ccccc1)c2ccccc2,-0.072570693
C1(CCCCC1)CC1CCC(CC1)C,0.211880359
CCCCCCCCCCC1CCC(CCCCCCCCCC)CC1,1.128171091
CCCCCCCC(C)c1ccccc1,-0.173104168
CC(CC=C(CCCCC)C1=CC=CC=C1)C,0.336472237
CCCCCCCCCCCCCC(=O)OC(C)C,0.230524247
C(CC)C1C(CCCC1)C1CCCCC1,0.34799135
CCCCCCCC(C)(C)CCCCCCC,-0.051293294
C(CCC)C1C(CCCC1)CCCCC,0.019802627
O(C1=CC=CC=C1)CCOC1=CC=CC=C1,0.993251773
C(CCCCCCCCC(=O)OCCCC)(=O)OCCCC,1.30833282
C1(=CC=CC=C1)C(CCC)CCCCCCCCC(CCC)CCC,1.252762968
C1(CCCCC1)C(C(CCCCCC)C)C1CCCCC1,1.280933845
CCCCCCCCCCC=C,-0.733969175
C(C)C(CCCCCC)(C)C1=CC=CC2=CC=CC=C12,2.151762203
CC(C)CC(CC(CCCCCCCCCCCCCCC)C)C,0.625938431
C(CCCC=CCC=CCC=CCC=CCC=CCC)(=O)OC,0.741937345
C(CCCCCCC(=O)OCCCC)(=O)OCCCC,0.405465108
CCCCCCC(=CCCCCC)c1ccccc1,0.207014169
CCCCCCCC(CCCCCCC)CCCCCCC,0.322083499
CC(CCCCCCCC)CCCCCCCC,0.182321557
CCCCCCCCCC1CCCCC1,0.0
CCCCCCCCC1CC2CC(C)CCC2CC1C,0.523034788
C(C)C(CCCCCC)OCCCCCCOC(CCCCCC)CC,1.974081026
CCCCC(CC)CCC(C)C,-0.750945799
CC1=CC=C(C=C1)CCCCCCCC,-0.162518929
CCCCCCCCCCC(CCCCCCCCCC)C1CC(C)CCC1C,1.208960346
CCCC(CCC)CCCCC(CCC)CCC,-0.127833372
CCCCCCCCCCCCCCCCC1CCCC2(CCCC2)C1,1.208960346
CCCCCCCCCCCCCCC(CCCCCCCCCCCCCC)C1CCCCC1,1.54329811
CC(CC1=CC=CC=C1)(CCCCCCC)CC(C)C,0.741937345
CCCCCCCCC(CCCCCCCC)CCC1CCCCC1,0.904218151
CCCCCCCCCCCCCC(CC1CCCCC1)CC2CCCCC2,1.446918983
CCC(C)(C1CCCCC1)C2CCCCC2,0.853291292
C1CCC(CC1)CCCCC2CCCCC2,0.585740128
CC(CCCC(C)C)C1CCC2=CC=CC=C12,1.131402111
C1(=CC=CC=C1)CCCCCCCCCCCCCCCCCCCCCC,1.17557333
C(C)C1=CC=C(C2=CC=CC=C12)C,0.086177696
C(CCCC(=O)OCCCCCCCCCCCC)(=O)OCCCCCCCCCCCC,2.564949357
CCCc1ccccc1c2ccccc2,0.277631737
CCCC(CCC)CCCCCC(CCC)CCC,0.249715373
CC(C)CCC(CCC(CCC(C)C)CCC(C)C)CCC(C)C,0.405465108
CCCCCCc1cc2CCCCc2cc1CCCCCC,0.653324686
CCCCCCC=CCCCCCC,-0.430782916
CCCCCCC(C)CCC=C,-0.755022584
C(CCc1ccccc1)CCc2ccccc2,0.365892333
CC=1C(=CC2=CC=CC=C2C1)CCC,0.21511138
CCCCCCc1ccccc1,-0.562118918
C(CCCCCCC\C=C/C\C=C/CCCCC)(=O)OC,0.254642218
CCCCOCCOCCOCCCC,-0.328504067
CCCCCCCCc1ccc2ccccc2c1,0.501792952
CCCCCCCCC1CCCC2CCCCC12,0.422125549
CCCCC(CCCC)(CCCC)CCCC,0.019802627
C(C=1C(C(=O)OCCCCC)=CC=CC1)(=O)OCCCCC,1.667706821
C1(CCCCC1)C1=C(C=C(C=C1)C)C,0.405465108
CC(C)c1cccc2ccccc12,0.023237896
CCCCCCC(C)CCCCCC,-0.46203546
CC(C)CCCCCCCCCCC,-0.400477567
CCCCCCC1CCCC1,-0.616186139
CCCCCCCCCCC(CCCC)CCCC,0.0800304
Cc1ccc(C)c(CC2CCCCC2)c1,0.432509425
CC1=C(C=C(C=C1)C)CCCCCCCC,-0.342490309
C(CCCCCCCCCCC)C1CCCC2=CC=CC=C12,1.85629799
C(CCCCCCCCCCCCCC)(=O)OCC,0.336472237
C1(CCCCC1)C1=C(C=C(C=C1)C)C,0.405465108
C(CCCCCCCCCCCCCCCCC)(=O)OC,0.506817602
CCCCCCCCCCC(CCC)CCC,-0.109033921
Cc1cc(C)c(C2CCCC2)c(C)c1,0.20939345
CCCCCC(CCCCC)CCCCCC(CCCCC)CCCCC,0.789910849
CCCCc1ccccc1,-0.867500568
CC(CCCC=1C=C2CCCCC2=CC1CCCC(C)C)C,1.740466175
CCCCCCCCCCCCCCCCCCCCCCc1ccc2CCCCc2c1,1.596838877
C1(=CC=CC=C1)CC(CC1=CC=CC=C1)C,1.098612289
CCCCCCCCCCCCCCC1CCCC1,0.412109651
C(COCCOCCOCCOCCCC)O,1.16315081
CC(CCCCCC)CCCCCCC(CCCCCC)C,0.530628251
CCCCCCCCCCCC(CO)CCC,0.770108222
CCCCCCCCCC(C1CCCCC1)C2CCCCC2,0.866680231
CC(CCCCCC)C1=CC=CC=C1,-0.301105093
CC(=C(C(C)C)C1=CC=CC2=CC=CC=C12)C,1.193922468
CCCC(c1ccccc1)c2ccccc2,0.225189457
CCC(CC)CCCCCC(CC)CC,-0.126833871
CCCCCCC(CCCCCC)c1ccccc1,0.246860078
CCCCCCCCCCc1cccc2ccccc12,0.756328531
CC1=CC=C(C2=CC=CC=C12)C(C)C,0.470003629
CCCCCCCCCCC(CCCCCCCCCC)c1cccc2CCCCc12,1.611435915
CCCCCCCCCCC1CCCCC1,0.113328685
C(C)C(CCCCCC)(C)C1=CC=CC2=CC=CC=C12,2.151762203
C1CCC(CC1)C2=CC=CC=C2,-0.223143551
C(CCCCCCC)C1C(CCC1)CCCCCCCC,0.262364264
CCCCCCCCCCCCC,-0.510825624
CCCCCCCCCCCC(CCCCCCCC)CCCCCCCC,0.806475866
CCCCCC=CCCCCC,-0.693147181
C(CCCCCCCC)C(CCCCCCCCC)CCCCCCCCCC,1.435084525
C(CCCCCCCCCCCCC)(=O)OC(CCCCCC)C,1.360976553
CC(C)CCCC(CCCC(CCCC(C)C)C)C,0.148420005
[CH2]1CC[C]2(CC1)CC[CH2]CC2,-0.105360516
CCCCCCCCCCCCCCCCC1CCC2CCCCC12,1.16938136
CC(=CC)CCCCCCCCCCCCCCC,-0.051293294
CCCCCCCCCCCCCCCC(CCCCCCCC)CCCCCCCC,1.118414916
C1(=CC=C(C=C1)C(=O)OCC)C(=O)OCC,0.955511445
C(CCCc1ccccc1)CCc2ccccc2,0.559615788
CCCCCCCCCCCCCCCCCCCCCCC1CCC2CCCCC2C1,1.841818669
CCCC(C1CCCCC1)C2CCCCC2,0.732367894
CCCCCCCCCCCCCC(CCCC)CCCCCCCC,0.732367894
C(C)C(CCCC)CCCCCCCCC(CCCC)CC,0.530628251
C(CCCCCCCCC(=O)OCCCCCCCCCCCC)(=O)OCCCCCCCCCCCC,3.091042453
CCCCC(c1ccccc1)c2ccccc2,0.371618727
CCCCCCCCCC,-0.994252273
CCCCCCCCC(CCCCCC)CCCCCCCC,0.431782416
CCCCCC(c1ccccc1)c2ccccc2,0.457583062
CCC1=C(C2=CC=CC=C2C=C1)C,0.09531018
CCCC(CC)(CCC)CCC,-0.46203546
C(CCCCCCCCCCCCCCCCCCCC)C1=CC=CC=C1,1.004301609
CCCCC(CC)CCC(CC)CCCC,-0.324761081
C(CCC)C(CC1CC2CCCCC2CC1)CCCCCCCCCCCCCCCC,1.808288771
CCCCCCCCC(CCCCCCCC)CCCCCCCC,0.604315967
CCCCCCCCCCCC(CCCC)CCCC,0.357674444
CCc1cccc(Cc2ccccc2)c1,0.034285478
CCCCCCC(CCC)(CCC)CCCC,-0.030459207
CCCCCCCCCCCCC=C(c1ccccc1)c2ccccc2,1.10856262
CC(C)CCCC(CCCC(CC)C)(O)C,1.85629799
CCCCCCCCc1cc2cc(C)ccc2cc1C,0.74799515
CCCCCCCCCCCCCCCC1CCCCC1,0.625938431
CCCCCCCCCCC1CCCC(CCCCCCCCCC)C1,0.768050551
CCCCCCCCC(CCCC1CCCC1)CCCC2CCCC2,1.022450928
C(CCCCCC1CCCCC1)CCCCC2CCCCC2,1.293828133
C(CCC)C1C(CCC1)CCCCCCCCCCCC,0.182321557
CC(C)Cc1cccc2CCCCc12,0.152068514
CC(C)CCC(CCC(C)C)CC1CC(CCC1C)C(C)C,0.752170521
C(CCCC)OC(=O)C1=CC=C(C=C1)C(=O)OCCCCC,1.974081026
CCCCCCCCCCCCCC,-0.371063681
C1(=CC=CC=C1)C1CC2CCCCC2CC1,1.029619417
CCCCCCCCC(CCC)c1ccc2ccccc2c1,0.992351368
C(CCCCCCCCC)C(CCC1CCCCC1)CCC1CCCCC1,1.840549633
COCCOCCOCCOCCOCCOC,0.291474871
CC(C)(CC(CCC(CCC(CC(C)(C)C)C)C)C)C,0.470003629
CCCCCCC(CCCCCC)CCCCCC,-0.29080695
CCCCCCCCC1CCCC1,-0.314710745
C(CCCCCC)OCCOCCOCCO,1.131402111
C(CCCCCCCCC(=O)OCCCC)(=O)OCCCC,1.30833282
C(CCCCC)C1=CC=C(C=C1)C,-0.46203546
CCCCCCCCCCCCCCCCC(CCCCCCCCCCCCCCCC)C1CCCCC1,1.540884944
C1CCC2CCC3C(C12)CCCC3,-0.174353387
C1CCC(CC1)CCC(CCCC2CCCC2)CCCC3CCCC3,1.521698998
CCCCCCCCCCCCCCCCCCCCCCCCCCCC,1.047318994
CC1=CC=C(C(=C1)C(=CCCCCCCCCC)CCCCCCCCCC)C,0.587786665
CCCCCCCCCCCCc1cccc2ccccc12,0.963826777
CCCCCCCCCCCC(c1ccc(C)cc1)c2ccc(C)cc2,1.199964783
CCCCC(C)(C)c1ccccc1,-0.46593193
CCCCCCCCC=C,-1.078809661
CCCCCCCCCCCCCCCc1cccc2ccccc12,1.011600912
C(C)C1CCCC2=CC=CC=C12,-0.15082289
O=C(c1ccccc1)c2ccccc2,0.457424847
CCC(CC)CCCCC(CC)CC,-0.5642264
C1(CCCCC1)CCCC(CCCC1CCCCC1)CCC1CCCCC1,2.116255515
CCCCCCCCCCCCCCCC(Cc1ccccc1)Cc2ccccc2,1.470175845
C(Cc1ccccc1)C(CCc2ccccc2)=CCc3ccccc3,1.160020917
C(CCCCCCCCCCCCCC)(=O)OCCCC,0.641853886
C(Cc1ccccc1)Cc2ccccc2,0.187640718
CC1CCC(CC1)C(CCCCCCCCCCC)C1CCC(CC1)C,1.526056303
C(CCCCCCCCCCCCCCCCCCCCCCC)C1=CC=CC=C1,0.875468737
CC(c1ccccc1)c2ccc(C)cc2,0.032864014
CCCCCCCCCCCCCCCCCCCCCC,0.536493371
CC(CCCCCC)CCCCCCC(CCCCCC)C,0.530628251
C(CCC)C1=C(C=CC=C1)CCCCCC,0.076961041
CCCCCCCCCCC(CCCCCCCCCC)c1ccccc1,0.97455964
C(CCCCCCCC)(=O)OCCCCCCCC,0.336472237
C(CCCCCCCCC)(=O)OCCCCCCCCCC,0.741937345
C(=C)OCCOCCOCCOC=C,0.262364264
CCOCOCOCOCOCC,0.173953307
C(CCCCCCC\C=C\C\C=C\CCCCC)(=O)OC,0.641853886
CCCCCCCCCCc1ccccc1,-0.020202707
CCCCCCCCCCCCCC1CCCC1,0.3074847
C(CCCCCCCCCCCCCCCCC)(=O)OCC(C)C,1.360976553
CCCCCCC(C)c1cccc2ccccc12,0.473497518
C(CCCCC(=O)OCCCCCCC)(=O)OCCCCCCC,1.481604541
C(Cc1ccccc1)C(CCc2ccccc2)CCc3ccccc3,1.232560261
CCCCCCCCCCCCCCCCCC,0.131028262
C(CCCCCCC)C1CCCC2=CC=CC=C12,1.335001067
CCCCCCCC=CCCCCCCCC,-0.051293294
CCCCCCCCCCCCCCCCCCC(C)c1ccccc1,1.00063188
CCCCCC1CCCC1,-0.798507696
CC1=C(C(=CC(=C1)C)C)C(C1=CC=CC=C1)=O,0.587786665
C1CCC(C1)c2ccccc2,-0.430782916
CCCCCC(CC)c1ccc2ccccc2c1,0.531480829
CC(CCCCCCCCCCCCC)=O,0.09531018
C(CCC)C(CCCC)=CCCC=C(CCCC)CCCC,0.09531018
CCCCCCCCCCC(CCCCC)CCCCCCCCCC,0.698134722
C(CCCCCC)(=O)OCC(COC(CCCCCC)=O)(COC(CCCCCC)=O)COC(CCCCCC)=O,1.398961296
CCCCCCCCCCCCCCCCCCC=C,0.300104592
CCCCCCCCCCCCCC(=O)OCCC,0.281374723
CCCCCCCCCCCCCCCC(C1CCCCC1)C2CCCCC2,1.460937904
CC(CC1CCCCC1)C2CCCCC2,0.435451004
CC(C)Cc1ccccc1c2ccccc2,0.280823607
C1CCC(CC1)CC2CCCCC2,0.153424702
C(CCCCC)C(=CCCCCC)CCCCCC,-0.328504067
C(C=1C(C(=O)OCCCCC)=CC=CC1)(=O)OCCCCC,1.667706821
CC(C)CC(CCCCCCCCCCCC)CC(C)C,0.262364264
CC(CCCCC)CCCCCCCCC,-0.116533816
CCc1ccccc1Cc2ccccc2,0.132711056
C(CCCC)C(CCCCCCCCC)CCCCCCCCCC,1.029619417
C1(CCCC1)CC(CCCCCC)CCCCCC,0.246860078
CC(C)(C)C1CCC(CC1)C(C)(C)C,0.262364264
COCCOCCOCCOCCOCCOC,0.285178942
C(C=1C(C(=O)OCC(CC)CC)=CC=CC1)(=O)OCC(CC)CC,2.128231706
CC(CCC(CCC(C)C)(CC(C)C)C1CCCCC1)C,1.16315081
CCCCCCCCCCCCCCC=C,-0.174353387
CCCCCCCCCCCC,-0.673344553
C(CCCCCc1ccccc1)CCCCc2ccccc2,0.90016135
Cc1ccc(Cc2ccccc2)cc1C,0.365642614
C(C1=CC=C(C(=O)OCC(C)C)C=C1)(=O)OCC(C)C,1.887069649
CCCCCCCCCCCCCCCCCCCCCCCC,0.717839793
CCCCCCCC(CCCCCC)CCCCCCC,0.207014169
CC(Cc1ccccc1)Cc2ccccc2,0.34642964
CC(C)(C)c1ccc2CCCc2c1,0.045355702
CCCCCCCCCCCC(CCCCCCCC)C1CCCCC1,0.978326123
CCc1cccc(c1)c2ccccc2,0.083357209
C1CCC(C1)c2ccc3CCCc3c2,0.273532437
CCCCCCCCCCCCCC(C1CCCCC1)C2CCCCC2,1.427916036
CCCCCCCCCCC(CO)CCCC,0.78845736
C1(=CC=CC=C1)CC(C)(C)C1=CC=CC=C1,0.457424847
CCOCOCOCOCC,-0.248461359
CCCCCCCCCCCCCCCC(CCCC)CCCCCCCCCCCCCCC,1.413423029
C(CCCCCCCCCCCCCCCCCCCCCCCCCCC)(=O)OCC,1.722766598
CCCCCCCCCCC(CCCCCCCCCC)CC(C)(C)C,0.746687947
CCCCCCCCCCCCCCCC(C)C,-0.139262067
C=1(C(=CC=CC1)C(=O)OCCOCCCC)C(=O)OCCOCCCC,1.435084525
CCCCCCC(CCC)C(CCC)CCCCCC,0.057627193
CCCCCC=CCCCCCCCCC,-0.139262067
CCCCCCCCCCCCCCCc1cccc2CCCCc12,1.16938136
C=C(c1ccccc1)c2ccccc2,0.157003749
CCCCC(CC)COC(=O)c1ccccc1,0.148420005
CC(C)(CCCC(CCCC(C)(C)C)CCCC(C)(C)C)C,0.875468737
CCCCCCc1cccc2ccc(CCCC)cc12,0.622445707
C(CCCCCC)C1=CC=C(C=C1)CCCCCCC,0.78845736
C(CCC)C1C(CCCC1)CCCCCC,0.029558802
CCCCCCCCCC(C)c1ccccc1,0.055595527
CCCCCCCCCCCCCCCCCCc1cc(C)ccc1C,0.78620027
CCCCCCC(C)c1ccccc1,-0.328504067
CCCCCCCCCOCCCCOCCCCCCCCC,1.589235205
CC(C)CC(CC(CCCCCCCCCCCC)C)C,0.329303747
C(C=1C(C(=O)OCCCCCCCC(C)C)=CC=CC1)(=O)OCCCCCCCC(C)C,1.619388243
C(CCCCCCCCCCCCCCCCCCCCC)(=O)OC,0.841567186
CCCCCCc1ccc(CCCCCC)cc1,0.223143551
C=1(C(=CC=CC1)C(=O)OCC(C)C)C(=O)OCC(C)C,0.542324291
CCC(C)(C)CCC(C)(C)CCC(C)(C)CCC(C)(C)CC,0.997951822
CC1=CC=C(C=C1)CC(C)C1=CC=C(C=C1)C,0.405465108
CC1CC(=C(CC1)C(C)C)C1=CC=C(C=C1)C,0.955511445
C1(=CC=C(C=C1)C(=O)OCCCCCC)C(=O)OCCCCCC,2.219203484
C1CCC(CC1)C2CCCCC2,0.19062036
CCCC(Cc1ccccc1)Cc2ccccc2,0.424973574
C(CCCC1CCCCC1)CCC2CCCCC2,0.784974028
CCCCCCCCCCCCCCCCCCCCC1CCCCC1,1.146586247
CCCCC1CCC(CC1)C2CCCCC2,0.336072157
C1CCC(C1)C2CCC(C2)C3CCCC3,0.182321557
CC(CC(CCCCCCCCCC)CCCCCCCC)(CCCCCCCCCC)CCCCCCCC,1.766441661
C=1(C(=CC=CC1)C(=O)OCCCCCCC(C)C)C(=O)OCCCCCCC(C)C,1.338151362
CCCCC(CCCC)=CCCC,-0.776528789
CCCCCCC(C)CCCC,-0.616186139
C(C)C(COCCCCCCOCC(CCCC)CC)CCCC,2.00148
C(C)C1=CC=C(C=C1)C(CCCCCCCCCC)C,0.875468737
C(CC)OCCOCCOCCC,-0.051293294
C(CCCCCCCCCCCCCCCCCC)OC,0.741937345
C(CCCCCCCCCCCCCCCCC)C1CC2=CC=CC=C2CC1,1.69744879
C1CCC(CC1)CCC(CCCC2CCCC2)CCC3CCCCC3,1.808288771
CCCCCCc1ccc2cc(CCCCCC)ccc2c1,0.936779398
CC(Cc1ccccc1)c2ccccc2,0.246860078
CC(CC(C1=CC=CC=C1)C1=CC=CC=C1)C,1.223775432
C1(CCCCC1)C(CC1CCCCC1)C1CCCCC1,1.704748092
C1(CCCC1)CCCC(CCCCCCCC)CCCC1CCCC1,1.036736885
CCCCCCCCCCCCC(CCCCCCCCCCCC)C1CCCCC1,1.289232648
CC(C)CCC(C)(C)c1ccccc1,-0.249076933
CC1=C(C=CC=C1)C(C1=CC=CC=C1)=O,0.693147181
C(CCCCCCCCCCCCCCC)C1=CC(=CC(=C1C)C)C,0.693147181
CCCCCCCCC1CCC(CC1)C2CCC(CCCCCCCC)CC2,1.44245728
CC(C)c1ccccc1c2ccccc2,0.371563556
CCCCCCCCCCCCCCCCCC(=O)OCCCCCCCCCC,1.140496119
CCCC(CC)C1CCCCC1,-0.235722334
CCCCCCC(C)C(C)C(C)C(C)CCCCCC,0.099754833
CCCCCCc1cc2ccccc2cc1CCCC,0.645678143
C1(=CC=CC=C1)C(CCCCCCCCCCCCCC)CCCCCCCCCCCCCC,1.545432582
CC(C)CCCC(C(CCC(CCCC(C)C)C)C)C,0.182321557
CC(C)CC(C1CCCCC1)C2CCCCC2,0.594563649
CC(CC(C1=CC=CC=C1)C1=CC=CC=C1)(C)C,1.410986974
C(CC)C(CCCCCCCCCC)C(CCCCCCCCCC)CCC,0.78845736
C1CCC2C(C1)CCC3CCCCC23,0.412679025
C(CCCCC)C1=CC=C(C=C1)CCCCCC,0.405465108
C1(=CC=CC=C1)C(CCCCCC)CCCCCCCCC,0.955511445
CCC(C)C1CCCc2ccccc12,0.039220713
C(CCC)C(CCCC)C(CCCC)CCCC,-0.105360516
CC(CCC1CCCCC1)C2CCCCC2,0.630239329
CCCCC(C1CCCCC1)C2CCCCC2,0.719350846
COCCOCCOCCOCCOC,-0.020202707
C(CCC(=O)OCCC(C)C)(=O)OCCC(C)C,0.875468737
CCCCCCCCCCCCCCCCCCC1CC(C)CCC1C,0.804921086
CCCCCCCC1CCCc2ccccc12,0.673658504
CC(=CCCCCCCC)CCCCCCCC,-0.235722334
CC(C)CCCC(C)CCCC(C)CCCCC(C)CCCC(C)CCCC(C)C,1.137833002
CCCCCCC=CCC,-1.021651248
CCCCCCC(c1ccccc1)c2ccccc2,0.565313809
C=1(C(=CC=CC1)C(=O)OCCCC)C(=O)OCC1=CC=CC=C1,1.435084525
C1(=CC=CC=C1)C(CC(C)C)C1=CC=CC=C1,1.223775432
C1(CCCCC1)CCC=1C=C2CCCCC2=CC1,1.568615918
CC(C)CCC1CCCCC1,-0.328504067
C(CCCCCCC)OCCCCCCOCCCCCCCC,1.62924054
C(CCC(=O)OCCCCC)(=O)OCCCCC,0.693147181
CC(C)C(CCCCCCCCCCCCCCCC)C,0.470003629
O(c1ccccc1)c2ccccc2,-0.019182819
C(CCC)OCCOCCOCCOCCOCCO,1.791759469
CC(c1ccccc1)c2cc(C)ccc2C,0.570979547
C(c1ccccc1)c2cccc3ccccc23,0.979828753
C(CCCCCCCCCCCCCCC)(=O)OCCCCCCCCCCCCCC,1.740466175
CCCCCCCCCCCCOC(=O)c1ccccc1,0.719423904
C(C(C)C)C(CC(C)C)CCCCC(CC(C)C)CC(C)C,0.262364264
C(C1=CC(C(=O)OCC(C)C)=CC=C1)(=O)OCC(C)C,1.902107526
CCCCCCC1CC2CCCCC2CC1CCCC,0.589374293
C1(CCCCC1)C(CCCCCCCCCCCC)C1CCCCC1,1.722766598
CCCCCCCCCC(CCCCCCCCC)CCCCCCCCC,0.824175443
CCCCCCCCC1CCCCC1,-0.127833372
C(OCc1ccccc1)c2ccccc2,0.182321557
CCCCCCCCc1cccc2c(C)ccc(C)c12,0.780306047
C(CCCCCCCCCCCCCCCCC)(=O)OC(C)(C)C,1.931521412
C(CC)(=O)OCC(CCCCCCC)CCCCC,0.641853886
CC(CCCCC)CCCCCCCCCCCC,0.262364264
CCCCCCCC(CO)CCCCCCC,0.774727168
C(COCCOCCCCCCCCC)O,0.832909123
C(CCCCC)C(CCCCCC)=CCCCCCCC,0.182321557
C(CCCCCCC)OCCOCCOCCO,1.360976553
C1(CCCCC1)C1CC(CCC1)C1CCCCC1,1.398716881
CCCCCCCCCCCCCCCc1ccccc1,0.506817602
CCCCCC=CC(C)CCC,-0.891598119
CC(C)(CCC=C(CCCC(C)(C)C)CCCC(C)(C)C)C,1.280933845
CCCCCCCCCCCCCC(=O)OC,0.078238003
CCCCCCCCCCCC(CCCC)CCCCCCCCCC,0.688134639
CC(C)(C=CC(CCCCCCCC)C)C,-0.105360516
CCOCCOCCOCCOCC,0.231111721
C(C1=CC=CC=C1)C1=CC=C(C=C1)OC,0.405465108
CCCCCCCCCCCC1CCCCC1,0.231111721
CCC(CC1CCCCC1)C2CCCCC2,0.520577915
C(CCCCCCCC)C(CC=CCCCCCC)CCCCCCCCC,1.335001067
CCCCCCCCCCCCC(CCCCCCCCCCCC)c1ccccc1,1.255616037
C(C)C1=CC=C(C(=O)C2=CC=CC=C2)C=C1,0.832909123
CCCCCOC(C)(C)CC(C)(C)C,0.09531018
CCCCCCCCCCCCCCCCCCCCC,0.457424847
CCc1ccc(Cc2ccccc2)cc1,-0.012467396
C(CCC)C1=CC=C(C=C1)CC1=CC=CC=C1,0.470003629
C1CCC(C1)CCCC(CCc2ccccc2)CCc3ccccc3,1.134622726
C(CCC=CCC=CCC=CCC=CCC=CCC=CCC)(=O)OC,0.955511445
C(CCCCCCCCCCCCCCC)(=O)OCCCCCCC,1.064710737
CC(C)CC(CC(CCCCCCCCCCCCC)C)C,0.438254931
CCCCCCCCCCCC(CCCCCC)CCCCCC,0.625938431
C(CCCC=CCC=CCC=CCC=CCCCCC)(=O)OC,0.78845736
CCCCCCCCCCCCCCCCCC(CCCCCCCC)CCCCCCCC,1.247032294
CCCC(CC)c1ccccc1,-0.446287103
C1(CCCC1)C1C(CCC1)CCCCCCCCCCCCCCCCCC,0.875468737
CCCCCCCCCC1CCCC1,-0.174353387
CCCCCCCCCCCCCCCCCCCCC(C)(C)C,0.896088025
C(CCCCC(=O)OCC(C)C)(=O)OCC(C)C,0.254642218
C(CC)OCCOCCOCCC,-0.051293294
CC(C)C1=CC=C(C=C1)CC(C)C1=CC=C(C=C1)C(C)C,0.741937345
CCCCCC1CCCCC1C,-0.415515444
C(CCC)C(=CCCCCCCCCCCCCCCCC)C1=CC2=CC=CC=C2C=C1,2.708050201
CCCCCCCCCCCC1CCCC2CCCCC12,0.871293366
C1(CCCCC1)CCOC(C)CCC(C)OCC(CCCC)CC,2.261763098
CC(CCCC(C)C)C1CCC(CC1)CCCC(C)C,0.693147181
CCCCCCC(CCC)CCCCCC,-0.301105093
CCCCCCCCC(CCC)C1CCC2CCCCC2C1,0.978983801
CCCC(=O)OCC(COC(=O)CCC)OC(=O)CCC,0.482426149
CC(CC)(C)C1CCCCC1,-0.051293294
CCCCCCCCCCCCCCCCCCc1ccc(C)cc1,0.88461016
C(CCCCCCCCCCCCCCC)(=O)OC(C)C,0.451075619
CCCCCCCCC1CCCc2ccccc12,0.688134639
C1(CCCCC1)C1=CC2=CC=CC=C2C=C1,1.589235205
CCOC(=O)C=Cc1ccccc1,0.2390169
CCCCCCCCCCC(CCCCCCCCCC)C1CCCC2CCCCC12,1.619388243
CCC1(CCCCC1)CCC2(CC)CCCCC2,1.095447285
C(CCC)C1=C(C=C(C=C1)C(CCC)C)C(CCC)C,0.262364264
C(CCCCCCCCC)C(=CCCCCCCCCC)CCCCCCCCCC,0.993251773
CCCCCCCCCCCCCCCCC(CCC)C1CCCCC1,1.057790294
CCCCC(CC)COC(=O)CCCCCC(=O)OCC(CC)CCCC,0.799127504
CCCCCC1CCCc2ccccc12,0.187408596
C1(CCCC1)CCCCCCCCCCCCCCCCCCCCC,1.043804052
CCCCCCCCCCCCCCCC(CCCC)CCCCCC,0.765467842
C(CCC)(=O)OCCCCCCCCCCCCCCCC,0.530628251
C(C(CCC(=O)OCC(CCCC)CC)C(=O)OCC(CCCC)CC)C(=O)OCC(CCCC)CC,2.197224577
C(CCCCCCCCCC)C(CCCCCCCCCCCC)CCCCCCCCCCCC,1.342864803
C(CCCCCCCCC)C(CCCCCCCCCC)CCCCCCCCCC,1.011600912
C=1(C(=CC=CC1)C(=O)OCCOC)C(=O)OCCOC,1.430311247
C(CCC(=O)OCCCCCCCCC)(=O)OCCCCCCCCC,1.808288771
CCCCCCC(C)C1CCCCC1,-0.127833372
CCCCCC(CCCCC)C(CCCCC)CCCCC,0.3074847
CC(CCC(=O)OC)CCCC(CCCC(CCCCCC)C)C,1.223775432
C(CCCCCCC)C(CCCCCCCC)CCCCCCCCCCCCCCC,1.16315081
CCCC(CCC)(CCC)C(C)C,-0.510825624
C(CCCC)OCCOCCOCCOCCOCCO,2.00148
C(C)C(COC1CCC(CC1)OCC(CCCC)CC)CCCC,1.740466175
CCCCCCCC1CCCCC1,-0.261364764
CCCCCCCCCCCCCC1CCCCC1,0.438254931
C(CCCCCC)C1C(CCC1)CCCCCCC,0.058268908
CC(c1ccccc1)c2ccccc2,0.148420005
CCCCCCC1CCCCC1,-0.415515444
CC(C)(C)c1cccc(c1O)C(C)(C)C,0.275356423
C(\C=C/C(=O)OCCCCCCC)(=O)OCCCCCCC,1.504077397
CCCCCCCCCCCCCCC=C(Cc1ccccc1)Cc2ccccc2,1.44926916
C(C)(C)C1C(CCCC1)C1CCCCC1,0.46341321
CCCCCCCCCCCC(CCCCCCC)C1CCC(C)CC1,0.920282753
CCCCC(=CCCCCCCC=C(CCCC)c1ccccc1)c2ccccc2,1.38644185
C1CCC(C1)C2CCCC2,-0.579818495
C(C)OC(C(=C(CCCCCCCCCCCCC)O)CCCCCCCCCCCC)=O,2.48490665
CC1=CC=CC2=CC=CC=C12,-0.14618251
C(CCCC)C1=CC=C(C=C1)C1CCC(CC1)CCC,0.810930216
C(CCCCCC)C=1C=C2CCCC2=CC1,0.380967477
C(C1=CC=CC=C1)C(CC1=CC=CC=C1)CC,0.548121409
CC1=CC=C(C=C1)CCCCCCCCCCCCCCCCCC,0.832909123
C(C)C(CCCC)=CCCCCCCC=C(CCCC)CC,0.09531018
CC(CCCCCC)OCCCCCCOC(CCCCCC)C,1.974081026
CCCCCC(CCC(CCC(C)C)CCC(C)C)CCC(C)C,0.470003629
CC(CC1CCCCC1)CC2CCCCC2,0.479582604
CCCCCCOCCOCCOCCCCCC,0.875468737
CC(CCC)C1=C(C=CC(=C1)C(CCC)C)CCC,0.182321557
C1CCC(CC1)CCCC2CCCC2,0.165514438
CCCCCCCCCCCCCCCC1CCCC2CCCCC12,1.202972304
CCCCCCCCCCCCCCCCCCC1C(C)CC(C)CC1C,1.141033005
C(CCCCCCC)C1=CC=C(C=C1)CCCCCCCC,0.741937345
CCCCCCCCCCCCCCCC1CCCC1,0.512823626
CC(C1CCCCC1)C2CCCCC2,0.371563556
C(C)C1C(CCCC1)C1CCCCC1,0.250914348
CC(C)CC(CC(CCCCCCCCCCCCCC)C)C,0.530628251
C(CCC(=O)OCCCCCCCCCCCC)(=O)OCCCCCCCCCCCC,2.48490665
C(CCCCCCCCCCCCCCCCCC)C1=CC=CC=C1,0.770108222
CCC1c2ccccc2C(CC)c3ccccc13,1.08180517
C1(=CC=CC=C1)C(CCCCCC)CCCCCCC,0.693147181
CCCCCCCCCCCCC1CCCC1,0.463734016
C1(=C(C=CC=C1)CC1=C(C=CC=C1)C)C,-0.116533816
CC1=C(C=CC=C1)CC1=CC=CC=C1,0.09531018
CCCCCCCCCCCCCCCCCCC(C)C1CCCCC1,1.150572028
CCCCCCCCC(CCCCCCCC)C1CCCCC1,0.481907496
CCCCCCCCc1ccccc1,-0.301105093
C(CCCCCCCCC(=O)OCCCCCCCCCC)(=O)OCCCCCCCCCC,2.708050201
C(C)OCCOCCOCCOCC,0.231111721
C(CCCCCCCCCCCC=CCC=CCCCCC)(=O)OC,1.064710737
CCCCCCCCCCCC1CCCC1,0.076961041
C(C(=O)OCCCCCCC)(=O)OCCCCCCC,1.064710737
CCC(CC)CCCCCCCCC(CC)CC,0.104360015
Cc1ccccc1Cc2ccccc2,0.091849654
CCC(c1ccccc1)c2ccccc2,0.129500781
C1CCC(CC1)CCCC2CCCCC2,0.463016778
C(C)C(CC)=CCCCCCCCCCCCCCC,0.039220713
C1CCC(C1)C2=CC=CC=C2C3CCCC3,1.504077397
C(C)C(CCC(C)C)(CCC(C)C)C1=CC=CC=C1,0.530628251
C(CCCCCCCCC)C(CCC1CCCCC1)CCC1CCCCC1,1.840549633
CCCCc1cccc2ccccc12,0.2390169
CC(C)(CC(CCCCC(CC(C)(C)C)C)C)C,0.182321557
CCCCCCCCC(CCCCCCCC)CCc1ccccc1,0.652325186
C1CCC(C1)CCCC(CCCC2CCCC2)=CCCC3CCCC3,1.335001067
C=1(C(=CC=CC1)C(=O)OCCCCCCCC(C)C)C(=O)OCCCCCCCC(C)C,1.619388243
CCCCCCCCCCC(CC)CC,-0.293405084
C1(CCCCC1)CC(CCCCCCCCCC)CCCCCCCCCC,1.121677562
CCCCC(CC)CC(C(C)C)C(CC(CC)CCCC)C(C)C,0.530628251
C(CCCCCCCC)C(CC=CCCCCCC)CCCCCCCCC,1.335001067
CC(CCCC)OCCCCCCCCCCOC(CCCC)C,1.945910149
C(CCCCCCCCCCC)C1CCC(CC1)CCCCCCCC,0.993251773
C1(CCCC1)CCCC(CCCCCCCC)CCCCCCCC,0.78845736
C(C)C1C(C(C(C(C1CC)CC)CC)CC)CC,1.205970807
CC(C)CC(C(CC(C)C)(C1=CC=C(C=C1)C(C)(C)C)C)(C1=CC=C(C=C1)C(C)(C)C)C,2.397895273
C(C1=CC=CC=C1)C(CC1=CC=CC=C1)CCCCCC,1.435084525
C1(=CC=C(C=C1)C(=O)OCCCC)C(=O)OCCCC,1.589235205
CCCCCCCCCCc1cccc(CCCCCCCCCC)c1,0.649399034
CCCCCCCC\C=C/CCCCCCCC(=O)OC,0.392042088
CC(C)CCCC(CCCCC(CCCC(C)C)C)C,0.262364264
CC(C)(CCCCCCCCCC)O,1.757857918
CCC(Cc1ccccc1)c2ccccc2,0.240448945
C(CC)C(CCCCCCCCC)C(CCCCCCCCC)CCC,0.875468737
C(CCCCCCCCCCCCCCCCC)C1CCCC1,1.16315081
CCCC(CC1CCCCC1)CC2CCCCC2,0.671085604
CCCCc1ccccc1c2ccccc2,0.343589704
C(CCC)C(CCCCCCCCCCCCCCCCC)C1CCC2(CC1)CCCCC2,2.397895273
CCCCCCCCCCCc1ccccc1,0.09531018
C1CCC(C1)CCCC(CCCC2CCCC2)CCc3ccccc3,1.166270937
C1(=CC=CC=C1)C(=CCCCCC)CCCCCC,0.182321557
CCCCCCCCCCCCCCCC(c1ccccc1)c2ccccc2,1.311031877
CCCCC(CC)Cc1cccc2ccccc12,0.549934792
CCCCCCCCC(C)c1ccccc1,-0.116286656
CC(CCOCCCCOCCC(CC(C)(C)C)C)CC(C)(C)C,1.667706821
C(CC)C(CCCCCCCC)C(CCCCCCCC)CCC,0.78845736
CC(C)CCCCCCCCCCCCC,-0.127833372
CCCCC(CC)CC1CCCC2CCCCC12,0.388630871
C(CCCCC(=O)OC1CCCCC1)(=O)OC1CCCCC1,1.987874348
C(CCCC(=O)OCCC(C)C)(=O)OCCC(C)C,1.064710737
CCCCCCCCCCCCCC(CCCCCCCC)CCCCCCCC,0.963174318
CCCCCCCCCCCCCCCCC(CCC)c1ccccc1,0.936093359
CCCCCCCCC1CCCC2C(C)CCC(C)C12,0.538783145
CCCCOCCOCCOCOCCOCCOCCCC,1.722766598
CC(C(=O)OC)C(C(CCCCCCCCCCCC)C)C,1.029619417
C(C)C(CC)CCCCCCCCCCCCCCCCCCCCC,0.896088025
C1(CCCCC1)C(CCCCCCCCCCCCCC)CCCCCCCCCCCCCC,1.583093937
C(CCCCCC)C(CCCCCC)(CCCCCCCC)CCCCCCC,2.186051277
C(CCC)C(CCCCCCCCCCCCCCCCC)C1=CC=CC=C1,1.252762968
C1(=CC=CC=C1)C=CCCCCCCCCCC(CCC)CCC,1.223775432
CCCCCCCCCCC(CCCCCCCCCC)C1CCCC1,0.841567186
C1(=CC=CC=C1)C(=CCCCCCCCCCCC)C1=CC=CC=C1,2.219203484
CCCCCCCCCCCCCC(CCCCCC)C1CCCCC1,1.01523068
CCCCCCC(CCC)C1CCC(CC1)C2CCCCC2,1.193640611
CCCCCCCCCCCCCCCC(CCC)CCC,0.457424847
C1(=CC=CC=C1)CC1=C(C=CC=C1)O,1.85629799
C(C)C1=CC=C(C=C1)C(C)C1=CC=CC=C1,0.587786665
C(COCCOCCOCCOCCO)O,1.568615918
CCCCCCCC\C=C/CCCCCCCC(=O)OCCC,0.559615788
CCCCCOc1ccccc1,-0.430167721
CCCCCCC(CCCCC)c1ccc2ccccc2c1,1.045907472
C(CCCCC(=O)OCC(C)C)(=O)OCC(C)C,0.262364264
CCCCCCCCCCCCCCCCC1CCc2ccccc12,1.071583616
CCCCCCCCCCC(CCCCCCCCCC)CC1CCCC1,0.951657876
CCCCCCCCCCCCCCCC(CCCC)C1CCCCC1,1.047318994
CCCCCCCCCCCCCCCCC=C(c1ccccc1)c2ccccc2,1.434331861
CC1C(CCCC1)C1CCCCC1,-0.012376271
C(CCCC=CCC=CCC=CCC=CCCCCC)(=O)OCC,0.405465108
C1(=CC=CC=C1)C(C(C)C)C1=CC=CC=C1,1.064710737
C(CCCCCC)C(=CCCCCCC)CCCCCCC,0.262364264
CCCCCCCCCCc1ccc(CCCCCCCCCC)cc1,0.943905899
CCCCCCCCCCCCCCc1ccccc1,0.412109651
CCCCCCCCCCCC(CCCC)c1ccccc1,0.649346797
CCCCCCCCCCCCC1C(CCC1C2CCCC2)C3CCCC3,1.381281819
C1(CCCCC1)CC1CC(CCC1)CC,0.336472237
CC(CCCCCC)C=CC(CCCCCC)C,-0.061875404
C(CC)C(CCCCCCC)CCCCCCC,0.182321557
CCCCCCCCCCCCCCCCCC(CC)C1CCCCC1,1.078409581
CCCCCCCCCCCCCCC,-0.242071561
C1(CCCCC1)C(=O)OCC,-0.261364764
C(CC(CCCc1ccccc1)c2ccccc2)Cc3ccccc3,1.660020755
CCCCCCCCCCCCCCC=C(c1ccccc1)c2ccccc2,1.313723668
CCCCC(CCCC)CCCCCC(CCCC)CCCC,0.470934446
C1CCC(C1)CCC(CCC2CCCC2)CCC3CCCC3,1.010698687
C1(=CC=CC=C1)C(=CCCCCCCCCCCCC)C1=CC=CC=C1,1.193922468
C(CC)C1CC2CCCCC2CC1,-0.415515444
C(CCCCCC)C(=CCCCCCC)CCCCCCC,0.262364264
C(CCCCC(=O)OCCCCCC)(=O)OCCCCCC,1.193922468
C(CCCCCCCCCCCCCCC)(=O)OC(CC)C,1.098612289
CC(C1CCCC1)C2CCCC2,-0.274436846
CCCCCCCCCC(C)=O,-0.46203546
CCCCCCCc1ccc(C)c(C)c1,-0.010050336
C1CCC(CC1)CCc2ccccc2,0.086177696
CCCCCC1CCCCC1,-0.274436846
CCCCCCCCCCC(=CCCCCCCCCC)c1ccccc1,0.65340273
C1(CCCCC1)C1=CC=CC2=CC=CC=C12,1.547562509
C(CCCCCCC\C=C/CCCCCCCC)(=O)OCC,0.405465108
CC(CC)C1CCC(C2CCCCC12)C(CC)C,1.098612289
CCCCCCCCCC(CO)CCCCC,0.774727168
C(CCC)C(CCCC)(CCCC)C1CCCCC1,1.410986974
C1(CCCCC1)C(CCC)CCCCCCCCC(CCC)CCC,1.791759469
C(CC)C(=CCCCCCC)CCCCCCC,-0.174353387
C(CCCCCCCCCCCCCCCCC)(=O)OCCCC,0.955511445
CC(C)(CCCCCCCCCCCCC(C)(C)C)C,1.029619417
C1CCC(C1)CCCc2ccccc2,-0.020202707
CCCC(CC(C)C)CC(C)C,-0.94160854
C(CCCCCCCCC)C1CC2CCCCC2CC1,0.841567186
C1(CCCCC1)CCC(CCCC1CCCC1)CCC1=CC=CC=C1,1.425515074
CC(C)Cc1cccc2ccccc12,0.17462535
C(CCC)C(CCCCCCCCCCCCCCCCCCCCC)C1=CC=CC=C1,1.526056303
C(CCCCCCC)C1C(CCC1)CCCCCCCC,0.262364264
CCCCCCC(C)CC(C)C,-0.733969175
CCCCCCC(CCC)O,0.322083499
CCCCCCCCCCCCC=C,-0.446287103
C1CCC(CC1)c2ccccc2,-0.261364764
CCCCCCCCCCCCCCCC(CC)CC,0.067658648
CCCCOCCOCCOCCOCCCC,0.157003749
CC1=CC=C(C=C1)C(C)C1=CC=CC=C1,0.530628251
CC(C=C)CCCCCCCCCCC,-0.356674944
CC(CCC)(C)C1CCCCC1,0.182321557
C(CCCCCCCC)(=O)OC(CCCCCC)C,0.693147181
CCCCCCCCCCCCCCCC(C1CCCC1)C2CCCC2,1.105256831
CCCCCCCCCCCCCCCCCC(CCCC)CCCC,0.806475866
C(CCCCC(=O)OCCCCC)(=O)OCCCCC,0.875468737
C(C=1C(C(=O)OCCCCCCCCC)=CC=CC1)(=O)OCCCCCCCCC,2.397895273
CC(=C)C1C(CC(CC1)C)C1=CC=CC=C1,0.336472237
CCCCCCCCCCCCCCCCCCCCCC(CC)CC,0.867100488
CCCCCCCc1ccccc1CCCCCCC,0.449494753
C(CCCCCCCCC)C=1C=C2CCCCC2=CC1,0.760805829
CCCCCCCCCCCCCC(CCCCCCCCCCCC)CCCCCCCCCCCC,1.430311247
C=1(C(=CC=CC1)C(=O)OCC(C)C)C(=O)OCC(C)C,0.542324291
CC1=C(C=C(C=C1)CCCCCCC)C,0.223143551
CC(=CC(C)(C)C(C)(C)C)C(C)(C)C,-0.210721031
CCCCCCCCCCCCc1cc(ccc1C)C(C)C,0.663038427
CCCCCCCCCCC(CCCCCCCCCC)C(CC)CC,0.683096845
CC(CC)(CCCC(CCCC(CC)(C)C)C)C,0.405465108
C(C)(=O)O.OC(CCCCCCCCCCC(=O)OC1=CC=CC=C1)CCCCCC,1.686398954
C1(=CC=C(C=C1)C(=O)OCCCCCC)C(=O)OCCCCCC,2.219203484
CCCCCCCCCCCC=C,-0.597837001
C1(CCCCC1)CCOCCCCCCOCCC1CCCCC1,1.85629799
CCCCCCCCCCCCCCCCC=C,0.067658648
C(C)(=O)OCCOCCOC(C)=O,0.198850859
CCCCCCCCCCC(CCCCCCCCCC)CC1CC(C)CC1C,0.932164081
CC(C)(C)C(C(C1CCCCC1)C(C)(C)C)C1CCCCC1,1.410986974
CCCc1ccc2ccccc2c1,0.086177696
CCC(C1CCCCC1)C2CCCCC2,0.424908194
COC(C)COC(C)COC(C)COC,0.405465108
C(CCCCCCCCC(=O)OCCCCC)(=O)OCCCCC,1.62924054
CCCCCCCCCCCCCCCCCCC,0.2390169
CCCCCCC1CCCc2ccc(CCCC)cc12,0.540578582
CC(CC1CCC(C2=CC=CC=C12)CC(C)C)C,1.30833282
CCCCCCCc1ccccc1,-0.415515444
CCCCCCCCCCCCCCCC(=O)OC,0.291893193
C(C1=CC=C(C(=O)OCCCCCCC)C=C1)(=O)OCCCCCCC,1.85629799
C(CCCCCCCC(=O)OCC(C)C)(=O)OCC(C)C,0.993251773
CC(CCC(CCC(C)CC(C)(C)C)CCC(C)CC(C)(C)C)CC(C)(C)C,1.05431203
CCc1ccc(cc1)C(C)c2ccccc2,0.207014169
CCCC(CCC)CCC,-1.237874356
C1(=CC=CC=C1)C(C)=CCCCCCCCC,0.182321557
C(CCCCC(=O)OCC(CCCC)CC)(=O)OCC(CCCC)CC,0.683096845
C(C)C(CC)=CCCCCCCC=C(CC)CC,-0.127833372
C(CCCC)C1CCC(CC1)CCCCC,0.019802627
CC(C)CCCCCCCCC(C)C,-0.84397007
CCCCCCCCCCCCCCCCCCCCC=C(CCCC)c1ccc2ccccc2c1,1.683550456
CCCCCCC(CCCc1ccccc1)CCCc2ccccc2,1.02700887
CCCCCCCCCCCCCCCC(CC)=CC,0.058268908
CCCCCCCCCCCC(CCCCCCCCCC)CCCCCCCCCC,1.057790294
C(CCCCCCCCCCC)(=O)OCC(CCCC)CC,1.064710737
CC(C)c1ccc(Cc2ccccc2)cc1,0.137664091
C(CCCCC)C(CCCC1CCCCC1)CCCCCC,1.386294361
CC(CCOCCCCOCCC(CC(C)(C)C)C)CC(C)(C)C,1.667706821
CCCCCCCCCCCCCCCC(CCCC)c1ccccc1,0.955511445
CC(C)(c1ccccc1)c2ccccc2,0.2838397
CCCCCCCCCCC(CCCCCCCCCC)c1cc(C)ccc1C,1.241268589
C(C)C(CC1CCC(C2CCCCC12)CC(CCCC)CC)CCCC,1.064710737
C(C1=CC(C(=O)OCCCCCC)=CC=C1)(=O)OCCCCCC,1.686398954
C(CCCC)(=O)OCC(COC(CCCC)=O)(COC(CCCC)=O)COC(CCCC)=O,1.219129361
C1(=CC=CC=C1)C(CCCCCCCC)C1=CC=CC=C1,2.2300144
CCCCC/C(=C/CCCC)/C,-0.867500568
C1(CCCCC1)C(CC)(C(CC)(C)C1CCCCC1)C,1.740466175
C(CC)C(CCCCCCCC)C1CC2CCCCC2CC1,0.875468737
C(CCCCCCC)C(CCCCCCCC)CCCCCCCCCC,0.470003629
C(C)(C)C1C=CC(C2=CC=CC=C12)C(C)C,0.993251773
CCCCCOCCCCC,-0.90090963
CC(CC=CC1=CC=CC=C1)CCC=C(C)C,0.470003629
CC1(CCC2=CC(=C(C=C12)C(C)C)C(CCCC)C)C,0.832909123
CC(=CCCCCC)CCCCCC,-1.171182982
C(=C)C(CCCC)CCC=CCCCCC,-0.248461359
CC=1C=C(C(=O)C2=CC=CC=C2)C=CC1C,0.916290732
C1(=CC(=CC=C1)C(=O)OCCC(C)C)C(=O)OCCC(C)C,1.791759469
C(CCCCCCCCCCCCCCCCCCCCCCCC)C1=CC=CC=C1,0.955511445
CCCCCCC(C1CCCCC1)C2CCCCC2,0.815364813
CCCCCCCCCCCCCC(CCC)CCC,0.182321557
CC(CCCCCCCCCCCCC(=O)OC)C,0.741937345
CC(C)(CC(CC=C(CCC(CC(C)(C)C)C)CCC(CC(C)(C)C)C)C)C,0.951657876
CC(=CC1=CC=CC2=CC=CC=C12)CC(C)C,1.098612289
CCCCCCCCCC(CCCCCCCC)c1ccc(C)cc1,0.88376754
C(C)C1=C(C=C(C2=CC=CC=C12)C)C,-0.083381609
CCCCCCCCC(CCC1CCCCC1)CCC2CCCCC2,1.376244025
Cc1ccccc1c2ccccc2,0.048790164
CCCCCCC1CCC(CC1)C2CCCCC2,0.626195082
CC(C)C1CCCc2ccccc12,-0.105360516
CCCCCCCCC1CCCc2c(C)ccc(C)c12,0.818938068
C(CCC)C(CCCC)(CCCC)CCCC,0.148420005
CCCCCCC=CCCCCCCC,-0.274436846
CCCCCCCCC1CCC(CC1)C2CCCCC2,0.795956445
Cc1ccc(Cc2ccccc2)cc1,-0.076190138
C(CCCCCCCCCCC)(=O)OC(CCCCCCCCC)C,1.481604541
C(COCCOCCOCCOCCO)O,1.568615918
C=1(C(=CC=CC1)C(=O)OCCCCCCCCC)C(=O)OCCCCCCCCC,2.397895273
C(CCCCC)OCCOCCOCCO,0.993251773
CCCCCC=CCCCCCC,-0.562118918
C(C=1C(C(=O)OC(C)CC)=CC=CC1)(=O)OC(C)CC,1.824549292
CC(C)CCCC(CCC(CC(C)C)CC(C)C)C,-0.105360516
CC(C)C(C(C)C)C1CCCCC1,-0.186329578
