SMILES,Heat_Capacity_100C
CCCCCCCCC(CCCCCCCC)CCc1ccccc1,6.459904454
CCCCCCC(C)c1cccc2ccccc12,5.978885765
CCCCCCCCCCC(CCCCCCCCCC)Cc1ccccc1,6.582025139
C(CCCCCCC)C1=CC=C(C=C1)CCCCCCCC,6.318968114
C(C)C(CC1CCC(C2CCCCC12)CC(CCCC)CC)CCCC,6.51174533
CC(CCCCCC)C1=CC=CC=C1,5.805134969
C(COCCOCCOCCOCCOCCO)O,6.11368218
CC(C)c1cccc2ccccc12,5.545177444
C(CCCCCCC)C1C(CCC1)CCCCCCCC,6.329720906
CCCCCCCCC(CCC)c1ccc2ccccc2c1,6.228511004
C1CCC(C1)CCCC(CCCC2CCCC2)CCCC3CCCC3,6.419994928
CCCCCCCCCOCCCCOCCCCCCCCC,6.473890696
CC(C=C)CCCCCCCCCCC,6.021023349
CCCCCCCCCOCCCCOCCCCCCCCC,6.473890696
CCCCCCCCCCCC(CCCC)c1ccccc1,6.318968114
CC(CC)CC(CC)(C1CCCCC1)C,5.976350909
C(CCCCCCCCCCCCCCCCC)(=O)OC,6.539585956
CCCCCCOCCOCCOCCCCCC,6.206575927
CCCCCCCCCCCCCCCC(=O)OC,6.198478716
CC(OCCOCCOCCOCCOCCOC)C,6.190315406
C1CCC(CC1)CCC(CCCC2CCCC2)CCC3CCCCC3,6.415096959
C(CCCCCCCCC)(=O)OCCCCCCC,6.196444128
CC(C)CCCCCCCCCCCCC,6.102558595
C(CCCCCCC)C(CCCCCCCC)CCCCCCCCCCCCCCC,6.799055862
CC1=CC=C(C=C1)CCCCCCCC,5.886104031
CCCC(=O)c1ccccc1,5.283203729
CCCCC/C(=C/CCCC)/C,5.786897381
CCCCCCCCCCCCCCCCCCCCCCC1CCCCC1,6.625392368
C(CCC)C(=CCCCCCCCCCCCCCC)C1=CC=CC2=CC=CC=C12,6.575075841
CC(=C)C1C(CC(CC1)C)C1=CC=CC=C1,5.846438775
CC(C)(CC(CCC(CCC(CC(C)(C)C)C)C)C)C,6.343880434
CCCCC(CC)COC(=O)CCCCCC(=O)OCC(CC)CCCC,6.51174533
CC(C)C(C(C)C)C1CCCCC1,5.826000107
C1(=CC=CC=C1)C(CCC)CCCCCCCCC(CCC)CCC,6.461468176
C(CC)C1=CC=CC2=CC=CC=C12,5.545177444
CCCCCCC(CCCCC)c1ccc2ccccc2c1,6.228511004
CC1CCC(CC1)C(CCCCCCCCCCC)C1CCC(CC1)C,6.50578406
CCCCCCCCCCCCC(CCCCCCCCCCCC)C1CCCCC1,6.7310181
CC(CC=C(CCCCC)C1=CC=CC=C1)C,5.998936562
CCCCCCCCCCCC(CCCCCCC)c1ccc(C)cc1,6.502790046
C1(=CC=CC=C1)C(CCCCCC)CCCCCCC,6.212606096
CCCCCCCCCCCCCC(CCC)CCC,6.333279628
C1CCC2CCC3C(C12)CCCC3,5.645446898
CCCCC1CCCCC1,5.560681631
C1(CCCCC1)CCCCCCCCCCCCCCCCCCC,6.507277712
C(CCC)C1=C(C=CC=C1)CCCCCC,5.958424693
CCCCCCCCCCC(=CCCCCCCCCC)c1ccccc1,6.523562306
CC1=C(C=CC=C1)C(C1=CC=CC=C1)=O,5.605802066
CCCCCCCCCCC(CCCCCCCCCC)c1cccc2CCCCc12,6.65929392
C1(=CC=CC=C1)CC(C)(C)C1=CC=CC=C1,5.783825182
CCCCCC=CCCCC,5.693732139
C(CCCCCCCC)C(CCCCCCCCC)CCCCCCCCCC,6.701960366
CCCCCCc1ccc(CCCCCC)cc1,6.09356977
C(CCCCCCCCCCCCCCCCC)C1CC2=CC=CC=C2CC1,6.543911846
CCCCCCCCCCCCCCCCCCc1ccc(C)cc1,6.458338283
Cc1ccccc1C2CCCCC2,5.609471795
C1(CCCC1)CC(CCCCCCCCCC)CCCCCCCCCC,6.591673732
C(CCC)C(CCCC)(CCCC)CCCC,6.173786104
C(CCCCCc1ccccc1)CCCCc2ccccc2,6.194405391
CC(C)CCC(C(CCC(C)C)CCC(C)C)CCC(C)C,6.436150368
C(CCC)C(CCCC)(CCCC)C1CCCCC1,6.224558429
CCCCCCCCCCC(CCCCC)CCCCCCCCCC,6.593044534
C(CCCCCCCCCCCCCCCCCCCCCCCCCCC)(=O)OCC,6.748759547
C(CCCCC)C(CCCCCC)(CCCCCC)CCCCCC,6.555356892
CCCCCCc1cc2ccccc2cc1CCCC,6.11146734
C1(=CC=CC=C1)C(CCCCCC)CCCCCCCCC,6.318968114
CCC(CC)CCCCCC(CC)CC,6.049733455
CC(CC1CCCCC1)C2CCCCC2,5.888877958
C1CCC(C1)C2=CC=CC=C2C3CCCC3,5.796057751
C1CC[C@@H]2CCCC[C@@H]2C1,5.38907173
C1CCC(CC1)CCC(CCCC2CCCC2)CCCC3CCCC3,6.418364936
CC(=CC(C)(C)C(C)(C)C)C(C)(C)C,5.96100534
C(CCCCCCCCCCCC)(=O)OCCCC,6.196444128
CCCCCC=CCCCCCC,5.866468057
C(C)C(CC)=CCCCCCCCCCCCCCC,6.308098442
C1(CCCCC1)C(CC1CCCCC1)C1CCCCC1,6.152732695
C(CCCCCCCC)(=O)OCCCCCCCC,6.196444128
CC(CC1=CC=CC=C1)(CCCCCCC)CC(C)C,6.216606101
COCCOCCOCCOC,5.666426688
CCCCC(CC)Cc1cccc2ccccc12,5.978885765
C(C)C(CCCCCC)(C)C1=CC=CC2=CC=CC=C12,6.11368218
CCCCCCCCCCCCCCCC(c1ccccc1)c2ccccc2,6.490723535
CCC(C1CCCCC1)C2CCCCC2,5.888877958
CC1=CC=C(C(=C1)C(=CCCCCCCCCC)CCCCCCCCCC)C,6.603943825
C1(CCCCC1)C(CC)(C(CC)(C)C1CCCCC1)C,6.222576268
C(CCCCC)(=O)OCC(COC(CCCCC)=O)(COC(CCCCC)=O)COC(CCCCC)=O,6.763884909
C(CCCCCCCCCCC)C1CCCC2=CC=CC=C12,6.267200549
C(CCCC)C1CCC(CC1)CCCCC,6.040254711
C1(CCCCC1)C1CC(CCC1)C1CCCCC1,6.023447593
C(CCCCCCCCCCCCCCCCCCCCCCCC)C1=CC=CC=C1,6.690842277
CC(C)C1=CC=C(C=C1)CC(C)C1=CC=C(C=C1)C(C)C,6.146329258
C(CCCCCCCCCCCCCCCCCCCCCCCCCC)C1=CC=CC=C1,6.758094504
CCCCC(CC)COC(=O)CCCCCCCC(=O)OCC(CC)CCCC,6.591673732
CCC1=CC=CC2=C(C=CC=C21)C,5.545177444
CCCCCCCCC1CCCCC1,5.913503006
CCCCCCCCC(CCCC1CCCC1)CCCC2CCCC2,6.467698726
C(Cc1ccccc1)C(CCc2ccccc2)=CCc3ccccc3,6.210600077
CCCCCCCCCCCCC1CCCCC1,6.173786104
C1(=CC=CC=C1)CCCCCCC1=CC=CC=C1,5.937536205
CCCCCCCCCCC1CCCC1,6.013715156
CCCCCCCCC(CCCCCCCC)CCCC1CCCC1,6.51174533
C1CCC(C1)CCCC(CCc2ccccc2)CCc3ccccc3,6.302618976
CCCCC1CCCc2ccccc12,5.717027701
CCCCCCC(CCCCCC)C1CCCCC1,6.222576268
C(C=1C(C(=O)OCCCCCCCCCCCC)=CC=CC1)(=O)OCCCCCCCCCCCC,6.755768922
CCCCCCCCCCCCCCCCCC(=O)OC(C)C,6.401917197
CCCCCCC(C)CCCC,5.828945618
C1(=CC=C(C=C1)C(=O)OCCCCCC)C(=O)OCCCCCC,6.263398263
C(C)C(CC)CCCCCCCCCCCCCCCCCCCCC,6.593044534
CCCCCCCC\C=C/CCCCCCCC(=O)OCCC,6.378426184
CC=1C(=C(C=CC1)C1=CC=C(C=C1)C)C(C)C,5.869296913
C(CCC)C(CCCCCCCCCCCCCCCCC)C1CCC2(CC1)CCCCC2,6.763884909
C(C)C(COC1CCC(CC1)OCC(CCCC)CC)CCCC,6.429719478
CCCCCCCCCCCCCCCCC1CCc2ccccc12,6.418364936
CC(CC=CC1=CC=CC=C1)CCC=C(C)C,5.966146739
CCCCCCCCCCCCCCCC=C,6.131226489
CCCCCCCCCCCCCCCC1CCCC1,6.327936784
CCCCCCC(C)CC(C)C,5.843544417
C1(CCCCC1)CC1CC(CCC1)CC,5.888877958
CCCCCCCCC(CCCCCCCC)C1CCCCC1,6.421622268
C1(=CC=CC=C1)C(=CCCCCC)CCCCCC,6.126869184
CCCCCCCCCCCCCCC,6.035481433
CCCCCCCCCCCCc1ccccc1,6.073044534
CC(C(=O)OC)C(C(CCCCCCCCCCCC)C)C,6.356107661
C(CCCC=CCC=CCC=CCC=CCCCCC)(=O)OCC,6.356107661
C(CCCCCCCCC(=O)OCCCC)(=O)OCCCC,6.276643489
CCCCCCCCCCC(CCCC)CCCC,6.282266747
CCCCCCCCC(CCC1CCCCC1)CCC2CCCCC2,6.461468176
C(CCCCCCC\C=C\C\C=C\CCCCC)(=O)OC,6.251903883
C1(CCCC1)C1C(CCC1)CCCCCCCCCCCCCCCCCC,6.588926478
CC1C(CCCC1)C1CCCCC1,5.720311777
CCCCC(CCCCCCCCC(CCCC)c1ccccc1)c2ccccc2,6.572282543
Cc1ccc(Cc2ccccc2)cc1C,5.693732139
CCCCCCC(CCC)c1ccc2ccccc2c1,6.11146734
CCCCCCCCCCCCCCCC(CC)=CC,6.308098442
C(c1ccccc1)c2cccc3ccccc23,5.713732806
CC(C)CCCCCCCCCCC,5.97126184
C(COCCOCCOCCOCCCC)O,6.035481433
C(CCCCCCCCCCCCCCCCC)(=O)OC(C)(C)C,6.448889394
CC(C1CCCCC1)c2ccccc2,5.707110265
CCCCCC1CCCCC1C,5.730099783
CCCCCCCCC1CC2CC(C)CCC2CC1C,6.222576268
COCCOCCOCCOCCOCCOC,6.06610809
C(CCCCCCC)C=1C=C2CCCCC2=CC1,6.03068526
C(C)C(CC)=CCCCCCCC=C(CC)CC,6.17586727
C(CC)(=O)OCC(CCCCCCC)CCCCC,6.198478716
C(C1=CC=CC=C1)C(CC1=CC=CC=C1)CC,5.863631176
CCC(C)C1CCCc2ccccc12,5.720311777
CC(C)C1CCCc2ccccc12,5.627621114
C(CCCCC(=O)OCC(C)C)(=O)OCC(C)C,6.045005314
C(CCCCC(=O)OCC(C)C)(=O)OCC(C)C,6.045005314
CCCCCCCCCC=C,5.686975356
CCCCCCCCCCCC(CCCCCC)CCCCCC,6.513230111
CCCCCCCc1ccc(C)c(C)c1,5.886104031
C(CCCCC(=O)OCC(CCCC)CC)(=O)OCC(CCCC)CC,6.469250317
CCCCCCCCCCCCCCCC(CCCC)C1CCCCC1,6.549650742
C(CCCC)C=1C=C2CCCCC2=CC1CCCCC,6.159095388
C1CCC2C(C1)CCC3CCCCC23,5.733341277
CCCCCCC1CCCc2ccc(CCCC)cc12,6.156978986
CCCCCCCCCCCCCC(=O)OCCC,6.198478716
C(C)C1C(CCCC1)C1CCCCC1,5.805134969
CCCCCCCCCCCCCCCCCCCCCCC,6.469250317
CCCCc1ccccc1,5.365976015
C(CCCCCCCCCCCCCCC)OC1=C(C=CC=C1)OC,6.418364936
C(C)C(CCCC)CCCCCCCCC(CCCC)CC,6.428105273
C(C)C1=CC=C(C=C1)C(C)C1=CC=CC=C1,5.783825182
CCCCCCCC(CO)CCCCCCC,6.150602768
OCCOCCOCCOCCOCCOCCO,6.11368218
CC(C)(CCCC(CCCC(C)(C)C)CCCC(C)(C)C)C,6.43775165
CCCCCCCCCC(CO)CCCCC,6.150602768
C1(CCCCC1)CC(CCCCCCCCCC)CCCCCCCCCC,6.626717749
CC(C)(C)c1cccc(c1O)C(C)(C)C,5.877735782
CCc1ccc(cc1)C(C)c2ccccc2,5.783825182
C(COCCOCCOCCOCCOCCCCC)O,6.248042875
C(CCCCCCCCCCCCCCC)C1C(CC(C(C1)C)C)C,6.508769137
C(CCCCCCC\C=C/C\C=C/CCCCC)(=O)OC,6.532334292
C1CCC(C1)CCCc2ccccc2,5.710427017
C1(CCCCC1)CCOC(C)CCC(C)OCC(CCCC)CC,6.429719478
C(C)C(COCCCCCCOCC(CCCC)CC)CCCC,6.476972363
C(CCCCCCCCCCCCCCCCCCCCCCCCCCCC)C1=CC=CC=C1,6.820016365
CCCC(CC)c1ccccc1,5.620400866
CCCCCCCC(CCCCCC)CCCCCCC,6.381816017
C(COCCOCCCCCCCCC)O,6.03068526
CCCCCCCCC(CCC)C1CCC2CCCCC2C1,6.327936784
CCCCC(CC)CCC(C)C,5.831882477
CC(C)CCCC(CCC(CC(C)C)CC(C)C)C,6.289715571
CC1=CC=C(C=C1)CC(C)C1=CC=C(C=C1)C,5.869296913
C(CCCCCCCCCCCCCCCCCCCCCCC)C1=CC=CC=C1,6.65544035
CC(C)CCC1CCCCC1,5.638354669
CCCCCCc1cc2CCCCc2cc1CCCC,6.159095388
C(CCCCC(=O)OC1CCCCC1)(=O)OC1CCCCC1,6.152732695
C=CCCCCCCCCCCCCCCC=C,6.180016654
CCCCCCCCCCC=C,5.774551546
CCCCCCC1CCC(CC1)C2CCCCC2,6.095824562
C(CC)C(CCCCCCCCCC)C(CCCCCCCCCC)CCC,6.668228248
C(C1=CC=C(C(=O)OCC(C)C)C=C1)(=O)OCC(C)C,6.02827852
CCCCCCCCCCCCCCCCCCCC,6.320768294
C(C(C)C)C(CC(C)C)CCCCC(CC(C)C)CC(C)C,6.436150368
CCCCCCc1cc2ccccc2cc1CCCCCC,6.228511004
CCCCCCCCCCCCCCCCCCc1cc(C)ccc1C,6.502790046
CCCCCCCCCC,5.872117789
C(CCCCCCCCCCCCCCC)(=O)OCCCCCCC,6.489204931
CC(C)c1ccc2ccc3ccccc3c2c1,5.765191103
CC(C)(C)c1ccc2CCCc2c1,5.638354669
CCCCCCCCCCCCO,5.857933154
C(CCCCCCCCCCCCCCC)(=O)OC(CC)C,6.356107661
CCCCCCCCC(CO)CCCCCC,6.150602768
CCCCCCCCCC(C)c1ccccc1,6.02827852
C(C)C(CCC(C)C)(CCC(C)C)C1=CC=CC=C1,6.161207322
C=1(C(=CC=CC1)C(=O)OCCOCCCC)C(=O)OCCOCCCC,6.318968114
CC(C)(c1ccccc1)c2ccccc2,5.693732139
CC(CCCCCCCCCCCCC(=O)OC)C,6.198478716
C(CCCCCCCCCCCCC)(=O)OCCCCCCC,6.400257445
C1(=CC=CC=C1)C(=CCC)C1=CC=CC=C1,5.739792912
C(CCCCCC)C1=CC=C(C=C1)CCCCCCC,6.212606096
CC(C)CCCC(C)CCCC(C)CCCCC(C)CCCC(C)CCCC(C)C,6.741700695
CCCC(Cc1ccccc1)Cc2ccccc2,5.902633333
CCCCCCCCCCCCCCCC(CCCC)CCCCCCCCCCCCCCC,6.88857246
CCCCCCCCCCCCCCCCCCC=C,6.295266001
CCCCCCCCCCCCCCCCC1CCCC1,6.380122537
CCC(c1ccccc1)c2ccccc2,5.690359454
CCCCCCCCCCCCCCCC(CCC)CCC,6.426488457
CCCCCCCCCCCCCCCCCCCCCCCCCCCC,6.665683718
C(CCC(=O)OCCCCC)(=O)OCCCCC,6.040254711
CCC(CC1CCCCC1)C2CCCCC2,5.92157842
CCCCCCCCCCCCCCCCc1ccccc1,6.298949247
C(CCCCCCC)C(CCCCCCCC)CCCCCCCCCC,6.630683386
C(c1ccccc1)c2ccccc2,5.433722004
CCCCCCCCCCCCCCCCCC(=O)OCCCCCCCCCC,6.682108597
CC1(CCC2=CC(=C(C=C12)C(C)C)C(CCCC)C)C,6.169610732
CCCCCCCCCCc1ccc2ccccc2c1,6.098074282
CCCCC(CCCC)CCCC,5.908082938
Cc1cccc(Cc2ccccc2)c1,5.590986981
C(CCCCCCCCC)C1CC2CCCCC2CC1,6.222576268
CC(C)C(C(C)C)C1=CC=CC=C1,5.723585102
CCCCCCCCc1cc2cc(C)ccc2cc1C,6.11368218
CCCCC(C)(C)c1ccccc1,5.720311777
C(CCCCCCC)OCCCCCCOCCCCCCCC,6.473890696
CC(CCC(CCC(C)CC(C)(C)C)CCC(C)CC(C)(C)C)CC(C)(C)C,6.678342115
C(CCCC(=O)OCCCCCCCCCCCC)(=O)OCCCCCCCCCCCC,6.7310181
C(CCCCC)C(CCCCCC)=CCCCCCCC,6.357842267
CC(CCCCCCCCC)CCCCCCCCCC,6.381816017
Cc1ccccc1c2ccccc2,5.786897381
CCCCCCCCC=C,5.587248658
CCCCCCCCCCC(CCCCCCCCCC)CC1CCCC1,6.591673732
CC(C1CCCC1)C2CCCC2,5.638354669
C1CCC(CC1)C2CCCCC2,5.624017506
C(CCCCCCCCCCCCCC)(=O)OCC,6.196444128
C(CCCCCCC)OCCOCCOCCO,6.12905021
CCCCCCCCCCC(CCCCCCCCCC)c1ccccc1,6.542471961
C(CCCC=CCC=CCC=CCC=CCCCCC)(=O)OC,6.306275287
C1(CCCCC1)CCC(CCCC1CCCC1)CCC1=CC=CC=C1,6.359573869
C(C)C(CCCCCC)(C)C1=CC=CC2=CC=CC=C12,6.11368218
CC(C)c1ccccc1c2ccccc2,5.693732139
CCCCCCC(CCCCCCCCCCC(=O)OCCOCCOC)OC(C)=O,6.632001777
CC(C)CCC(CCC(CCC(C)C)CCC(C)C)CCC(C)C,6.520621128
CCc1ccccc1Cc2ccccc2,5.690359454
CC(C)CC(CC(CCCCCCCCCCCCC)C)C,6.429719478
CCCCCC(CCCCC)CCCCC(CCCCC)CCCCC,6.59441346
CCC(C)(C)CCC(C)(C)CCC(C)(C)CCC(C)(C)CC,6.439350371
CCCC(C1CCCCC1)C2CCCCC2,5.963579344
C(CCCCCCCCCCC)(=O)OCC(CCCC)CC,6.356107661
C(CCCCCC)C(C(=O)OC)CCCCCCC,6.198478716
CC(C)(CCC=C(CCCC(C)(C)C)CCCC(C)(C)C)C,6.415096959
C(=C)OCCOCCOCCOC=C,5.771441123
CCOCOCOCOCOCC,5.726847748
CC(C)(C)C=1C=C2C(C(C(C2=CC1)(C)C)C)(C)C,6.047372179
CC(CCC1CCCCC1)C2CCCCC2,5.963579344
C(CCCCCC)C(=CCCCCCC)CCCCCCC,6.405228458
CC(=CC)CCCCCCCCCCCCCCC,6.257667588
C(CCCCC)C1=CC=C(C=C1)CCCCCC,6.09356977
C1(CCCCC1)C1=CC=CC2=CC=CC=C12,5.726847748
CCCCCCCCCCCCCCCC(CCCCCC)CCCCCC,6.666956792
CC(CCOCCCCOCCC(CC(C)(C)C)C)CC(C)(C)C,6.335054251
CC(CCCCC)CCCCCCCCCCCC,6.282266747
CCCCCCC(CCC)(CCC)CCCC,6.173786104
CCCCCCCCCCCCCCCCCCC1C(C)CC(C)CC1C,6.588926478
CCCCCC1CCCC1,5.556828062
CCCCCCCCCCc1ccccc1,5.937536205
CCCCCc1ccccc1,5.488937726
C(CCCCCCC)C1CCCC2=CC=CC=C12,6.03068526
C1(CCCCC1)C1=CC2=CC=CC=C2C=C1,5.726847748
C(CCCC)(=O)OCC(COC(CCCC)=O)(COC(CCCC)=O)COC(CCCC)=O,6.626717749
CCCCCCCCCCCCCCCCCCCCCC(CC)CC,6.593044534
CCCCCCCCCCCCCC(CCCCCCCCCC)CCCCCCCCCC,6.859614904
C(CCC)C(CCCCC)(CCCCCCCC)CC,6.335054251
CCCCOCCOCCOCOCCOCCOCCCC,6.345636361
C(CCCCCCCCCCC)C1CCC(CC1)CCCCCCCC,6.548219103
C(CCC)C1C(CCCC1)CCCCC,5.97126184
CCC(C)(c1ccccc1)c2ccccc2,5.783825182
C(CC)C1CC2CCCCC2CC1,5.730099783
C(CCCCCCCCCCCCCCC)(=O)OC(C)C,6.306275287
CCCCCCCCCCCCCCCCCC,6.216606101
CCCCCCc1ccc2cc(CCCCCC)ccc2c1,6.228511004
CCCCCCCCCCCCC(CC)CO,6.150602768
CC=1C=C(C(=O)C2=CC=CC=C2)C=CC1C,5.707110265
C1(=CC=CC=C1)C(=CCCCCCCCCCCCC)C1=CC=CC=C1,6.380122537
CCCC(CCC)CCCCCC(CCC)CCC,6.284134161
C(COCCOCCOCCOCCO)O,5.942799375
CCCc1ccc2ccccc2c1,5.533389489
CCCCCCCCCCCCCCCC(CC)CC,6.333279628
CC(C)CC(CC(CCCCCCCCCCCC)C)C,6.385194399
CC(CCCCC)CCCCCCCCC,6.11146734
C(C)OCCOCCOCCOCCOCC,6.02827852
CCCCCCc1cc2CCCCc2cc1CCCCCC,6.270988432
C1CCC(C1)C2CCC(C2)C3CCCC3,5.814130532
CCCCCC=CCCCCCCCCC,6.077642243
CCCCCC(CCC(CCC(C)C)CCC(C)C)CCC(C)C,6.520621128
C(C)C(C(=O)OC(CC)(CC)CC)(CCCCCCCC)CC,6.408528791
CC(C)c1ccc(Cc2ccccc2)cc1,5.783825182
C1CCC(CC1)CC2CCCCC2,5.717027701
CCCCCCCCCCC(CCCCCCCCCC)C1CCCC1,6.552507887
CC1=C(C=CC=C1)CC1=CC=CC=C1,5.590986981
CC=1C(=CC2=CC=CC=C2C1)CCC,5.648974238
CCCCCCCCCCCCCC(C1CCCCC1)C2CCCCC2,6.504288174
C(CCCCCCC(=O)OCCCC)(=O)OCCCC,6.165417854
CC(c1ccccc1)c2cc(C)ccc2C,5.786897381
CCOCOCOCOCC,5.564520407
C(CCCCCC)C(CCCCCCCCC)(CCCCCCCCCC)CCCCCCCC,6.889591308
CC(CCCC)OCCCCCCCCCCOC(CCCC)C,6.476972363
C1(=CC=CC=C1)C(=CCCCCCCCCC)CCCCCCCCCC,6.523562306
CC(CC)(CCCC(CCCC(CC)(C)C)C)C,6.23636959
CC(C)CCCC(C(CCC(CCCC(C)C)C)C)C,6.340359304
CCCCCCCCCCC1CCC(CCCCCCCCCC)CC1,6.548219103
CCCCC(CC)CCC(CC)CCCC,6.11368218
C(CCCCCCCCCCCCCCCCCC)C1=CC=CC=C1,6.456769656
Cc1ccccc1Cc2ccccc2,5.590986981
CC(Cc1ccccc1)Cc2ccccc2,5.780743516
C(CCCCCCCCC(=O)OCCCCCC)(=O)OCCCCCC,6.466144724
C1CCC(C1)CCC(CCC2CCCC2)CCC3CCCC3,6.274762021
CCCCCCC1CC2CCCCC2CC1CCCC,6.222576268
CCCCCCCCCCCCCCCC,6.098074282
CCCCCCCCCCCCC1CCCC1,6.150602768
CCCCCCCCCCCCC(CCCCCCCCCCCC)c1ccccc1,6.692083743
C1CCC(CC1)CCCC2CCCC2,5.811140993
C(CCCCCCCCCCCC=CCC=CCCCCC)(=O)OC,6.447305863
CCCCCCCCCCCCc1ccc2ccccc2c1,6.226536669
C(CCCCCCCC)C(CC=CCCCCCC)CCCCCCCCC,6.64898455
C1(CCCC1)CCCC(CCCCCCCC)CCCCCCCC,6.51174533
CCCCC(CC)CC1CCCC2CCCCC12,6.107022888
CCCCCCCCCCC1CCCCC1,6.052089169
C(CCCCC(=O)OCCCCCCCC)(=O)OCCCCCCCC,6.466144724
CC(CCCC(C)C)C1CCC2=CC=CC=C12,5.97126184
CCCCCCC(CCCCCC)CCCCCC,6.282266747
CCCCCCCCCCCc1ccccc1,6.00635316
CCCCCCCCCCCC(CCCC)CCCC,6.333279628
CCCC(CC)C1CCCCC1,5.733341277
CCCCCC(CC)c1ccc2ccccc2c1,5.978885765
CC(CC)C1CCC(C2CCCCC12)C(CC)C,6.11146734
CCCCCCCCCC(C1CCCCC1)C2CCCCC2,6.320768294
C=1(C(=CC=CC1)C(=O)OCC(C)C)C(=O)OCC(C)C,6.02827852
C1CCC(CC1)CCCC2CCCCC2,5.886104031
CC(CC(CCCCCCCCCC)CCCCCCCC)(CCCCCCCCCC)CCCCCCCC,7.022868086
CCCCCCCCCCCCCCCCCCCCC1CCCCC1,6.549650742
CC(C)(CCCCCCCCCC)O,5.958424693
CCC(C)(C)CCC(C)(C)CC,5.837730447
CC(C)CC(CC(CCCCCCCCCCCCCCC)C)C,6.516193076
C(C)C(CCCCCCCCCC)(CCCCCCCCCCCC)C,6.59441346
CCCCCCCCCCCC=C,5.857933154
CCCCCCCCc1cccc2c(C)ccc(C)c12,6.11368218
CC(CCCCCC)CCCCCCC(CCCCCC)C,6.428105273
CCCCCCCCCCCCCC(CC1CCCCC1)CC2CCCCC2,6.584791392
C(CCCCCCCCCCCCCCCCCCCCC)(=O)OC,6.478509642
C(CCCCCCCCCCCCCCCCC)C1CCCC1,6.419994928
C1(=C(C=CC=C1)CC1=C(C=CC=C1)C)C,5.693732139
C(CCCCCC)C=1C=C2CCCCC2=CC1,5.96100534
CCCCCCCCCCCC(CCCCCCC)C1CCC(C)CC1,6.549650742
CCCC(CC)(CCC)CCC,5.831882477
CCCCCCCCCCCC(CCCCCCCCCC)c1cccc2ccccc12,6.665683718
CC(=C)CCCCCCCCC(C)=C,5.924255797
C(C)C1=C(C=C(C2=CC=CC=C12)C)C,5.648974238
CCCCCCCCCCCCCCCCC1CCC2CCCCC12,6.469250317
CCCCCCCCCCCCCC(CC(CC)CC)CC(CC)CC,6.595780514
CCCCCc1cccc2ccccc12,5.743003188
CC(=C)CCCCCCCCCCCCCCCCC(C)=C,6.391917113
CCCCCCCC1CCCC1,5.765191103
C1(CCCCC1)C(CCC)CCCCCCCCC(CCC)CCC,6.510258341
C(CCCC)C1=CC=C(C=C1)C1CCC(CC1)CCC,6.148468296
CCCCCCCCCCCCCCC(CCCCCCCCCCCCCC)C1CCCCC1,6.856461985
CCCCCCCCCCCCCCCc1ccccc1,6.246106765
CCCCCCCCCCC(CCC)CCC,6.171700597
C1(CCCCC1)C1C(CCCC1)C1CCCCC1,6.023447593
CCCCCCCCCCC(=CCCCCCCCCC)c1cc(C)ccc1C,6.603943825
C1(CCCCC1)CC1CCC(CC1)C,5.80814249
CCCCC(C)(CC)C1CCCC2CCCCC12,6.109247583
CCCCCCCCC(CCCCCCCC)CCCCCCCC,6.553933404
CC(C1CCCCC1)C2CCCCC2,5.80814249
C(CCCCCCCCC(=O)OCCCC)(=O)OCCCC,6.276643489
C(C=1C(C(=O)OC(C)CC)=CC=CC1)(=O)OC(C)CC,6.02827852
CCCCCCCCCCCCCC(C)(C)C,6.167516491
COCCOCCOCCOCCOC,5.886104031
CC(Cc1ccccc1)c2ccccc2,5.690359454
C(CCCCCCCCC(=O)OCCCCCCCCCC)(=O)OCCCCCCCCCC,6.763884909
C1(CCCCC1)CCCCCC1CCCCC1,6.03068526
CC(CCCCCCCC)CCCCCCCC,6.228511004
CCCCC(=CCCCCCCC=C(CCCC)c1ccccc1)c2ccccc2,6.535241271
CCCCCCC=CCC,5.59471138
CCCCCCC(C1CCCCC1)C2CCCCC2,6.159095388
CC(CCC)C1=C(C=CC(=C1)C(CCC)C)CCC,6.161207322
CCCCCCCC1CCCc2ccccc12,5.96100534
C1(CCCCC1)C1CCC(CC1)C1CCCCC1,6.023447593
CC(CC)(C)C1CCCCC1,5.641907071
CCCCCCCCCCCCCCCCCCCCC(C)(C)C,6.514712691
C(CCC)OCCOCCOCCOCCOCCO,6.192362489
CCCCCCCCCCCCc1cccc2ccccc12,6.226536669
O=C(c1ccccc1)c2ccccc2,5.497168225
CCc1cccc(Cc2ccccc2)c1,5.690359454
C(C)(C)C1C=CC(C2=CC=CC=C12)C(C)C,5.860786223
C1(=CC=CC=C1)C(CC(C)C)C1=CC=CC=C1,5.866468057
CCCCCCCCCCC(CCCCCCCCCC)CC1CCCCC1,6.626717749
CCCCCCCCCCCCCCCCCC=C,6.244166901
C1(CCCC1)C1C(CCC1)CCCCCCCCCCCCCCCC,6.508769137
CCCCCCCCCCCC1CCCC1,6.084499413
C(C=1C(C(=O)OCC(CCCC)CC)=CC=CC1)(=O)OCCCC,6.265301213
CCCCCCCCCCCCCCCCCCC1CC(C)CCC1C,6.549650742
CCCCCCCCCCCCCCCCCC(CCCC)CCCC,6.593044534
CC(=CCCCCC)CCCCCC,5.945420609
CC1=CC=C(C2=CC=CC=C12)C(C)C,5.65248918
C(CCCCCCCCC)C=1C=C2CCCCC2=CC1,6.156978986
CC(CCCCCC)OCCCCCCOC(CCCCCC)C,6.476972363
CCC1c2ccccc2C(CC)c3ccccc13,5.877735782
C(CCCCCCCCCCCCCC)(=O)OCCCC,6.304448802
C(CCCCCCCCC(=O)OCCC)(=O)OCCC,6.165417854
CC(c1ccccc1)c2ccccc2,5.572154032
CC(C)CC(CCCCCCCCCCCC)CC(C)C,6.385194399
CCc1ccc(Cc2ccccc2)cc1,5.690359454
CC(CC1CCC(C2=CC=CC=C12)CC(C)C)C,6.035481433
CCCCCCCCCCCCCCCCCC(CC)c1ccccc1,6.499787041
CCOCCOCCOCCOCC,5.840641657
O(C1=CC=CC=C1)CCOC1=CC=CC=C1,5.697093487
CCCCC(CCCC)(CCCC)CCCC,6.173786104
CC(CC1CCCCC1)CC2CCCCC2,5.963579344
CCCCCCCCCCC(CCCCCCCCCC)C1CC(C)CCC1C,6.663132696
C(CCC)C(=CCCCCCCCCCCCCCCCC)C1=CC2=CC=CC=C2C=C1,6.64898455
C(C)OCCOCCOCCOCC,5.840641657
Cc1ccc(Cc2ccccc2)cc1,5.590986981
C(C)(=O)OCCCCCCCCCCCCCCCCCCC,6.400257445
CC1=CC=C(C=C1)C(C)C1=CC=CC=C1,5.693732139
CC(=CC1=CC=CC2=CC=CC=C12)CC(C)C,5.872117789
CCCCCCCCCCCCC1C(CCC1C2CCCC2)C3CCCC3,6.507277712
CCCCCCCCCCCCCCCCCCCCC=C(CCCC)c1ccc2ccccc2c1,6.784457063
C(CCCC)C(CCCCCCCCC)CCCCCCCCCC,6.553933404
C(CCCCCCCCCCCCCCCCC)(=O)OCCCC,6.445719819
C(CCCCCC)C(=CCCCCCC)CCCCCCC,6.405228458
CC(CCC(CCC(C)C)(CC(C)C)C1CCCCC1)C,6.335054251
C(CCCCCCCCC(=O)OCCCCCCCCCCCC)(=O)OCCCCCCCCCCCC,6.88550967
CCC(CC)CC1CCCCC1,5.730099783
C(CCCCCCCC)C(CC=CCCCCCC)CCCCCCCCC,6.64898455
CCCCCCCCCCCCCC,5.96870756
CCCCCCC(CCCCCCCCCCC(=O)OCCCC)OC(C)=O,6.551080335
C(Cc1ccccc1)Cc2ccccc2,5.686975356
C(CC)OCCOCCOCCC,5.796057751
C(CCCC=CCC=CCC=CCC=CCC=CCC)(=O)OC,6.280395839
CC(CCC)(C)C1CCCCC1,5.736572297
C(CCC)C(CCCCCCCCCCCCCCCCCCCCC)C1=CC=CC=C1,6.726233402
C(CCCCCCC)C1C(CCC1)CCCCCCCC,6.329720906
C(CCCCCCCCCCCCC)(=O)OC(CCCCCC)C,6.447305863
CC(=C)CCCCCCCCCCCCCCCCC,6.313548046
CCCCCCCCCCCC(CO)CCC,6.150602768
C(C)OC(C(=C(CCCCCCCCCCCCC)O)CCCCCCCCCCCC)=O,6.758094504
CCCCc1ccccc1c2ccccc2,5.780743516
CCCCCC1CCCCC1,5.66296048
CCCCCCCCCCCCCCCCCC(CCCCCCCC)CCCCCCCC,6.859614904
CCCCCCCCCCc1cccc2ccccc12,6.104793232
C(CCCC1CCCCC1)CCC2CCCCC2,6.095824562
CC(CCc1ccccc1)c2ccccc2,5.780743516
C1CCC(CC1)C2=CC=CC=C2,5.497168225
CC(C)CC(C(CC(C)C)(C1=CC=C(C=C1)C(C)(C)C)C)(C1=CC=C(C=C1)C(C)(C)C)C,6.66057515
C(C=1C(C(=O)OCCCCC)=CC=CC1)(=O)OCCCCC,6.150602768
C(C1=CC(C(=O)OCCCCCC)=CC=C1)(=O)OCCCCCC,6.263398263
CCCCCCCCCCCCCCCCCCCCCCc1ccc2CCCCc2c1,6.693323668
C(CCC)C(CCCC)=CCCCCCCC=C(CCCC)CCCC,6.556778356
C(C)C(COC(C)CCC(C)OCC(CCCC)CC)CCCC,6.480044562
CC1=C(C=C(C=C1)CCCCCCC)C,5.886104031
CCCCCCCCCCCCCCC=C(c1ccccc1)c2ccccc2,6.469250317
CCCCCCCCCCC(CCCCCCCCCC)C(CC)CC,6.59441346
C(CCCCCCCCC(=O)OCCCCC)(=O)OCCCCC,6.376726948
C1(=CC=CC=C1)CCCCCCCCCCCCCCCCCCCCCCCCCC,6.725033642
CCCCCCCCCCC1CCCC(CCCCCCCCCC)C1,6.548219103
CCCCCCCCCCCCCCCCC=C(CCCC)c1ccc2CCCCc2c1,6.694562059
CC(CC(C)(C)C(C)(C)C)C(C)(C)C,5.996452089
CCCCCCCCCCCCCCCCC=C(c1ccccc1)c2ccccc2,6.552507887
CCCCCCC=CCCCCCC,5.942799375
C(C(C)C)C(CC(C)C)CCCCC(CC(C)C)CC(C)C,6.436150368
C(C)C(CCCCCC)OCCCCCCOC(CCCCCC)CC,6.559615237
CCCCCCC(CCCc1ccccc1)CCCc2ccccc2,6.354370041
CCc1cccc(c1)c2ccccc2,5.564520407
CCCC(c1ccccc1)c2ccccc2,5.780743516
C(CCCCCCCCCCCCCCCCC)(=O)OCC(C)C,6.447305863
CCCCCCCCCCCCC,5.894402834
CCCCCCCCCCCCCCCCCCC,6.269096284
C(CCCCC)C(=CCCCCC)CCCCCC,6.257667588
C1CCC(C1)c2ccc3CCCc3c2,5.624017506
CCCCCC=CC(C)CCC,5.786897381
CCCCCCCCCC1CCCC1,5.937536205
CCCCCCC(=CCCCCC)c1ccccc1,6.126869184
CCCCCCCCCCCCCC(CCCCCCCC)CCCCCCCC,6.735780014
CCCCCCC=CCCCCCCC,6.013715156
CCCCCCCCCCCC(CCCCCCCC)C1CCCCC1,6.549650742
CCCCCCCCCCCCCCCc1cccc2CCCCc12,6.415096959
C1CCC(C1)C2CCCC2,5.411646052
CCCCCCCCCCCCCCCCCCCCc1ccccc1,6.499787041
C1CCC(CC1)c2ccccc2,5.497168225
CCCCCCCCC1CCCc2c(C)ccc(C)c12,6.159095388
C1CCC(CC1)CCCCC2CCCCC2,5.96100534
CC1CC(=C(CC1)C(C)C)C1=CC=C(C=C1)C,5.929589143
CC(CCOC(=O)CCCCC(=O)OCCC(C)CC(C)(C)C)CC(C)(C)C,6.558197803
CCCCCCCCCCCCCCCCCCCCCC,6.424869024
CCCCCCCCC(CCCCCC)CCCCCCCC,6.470799504
CC1=C(C=C(C=C1)CCCCCCCCCCCCCCCC)C,6.415096959
C=1(C(=CC=CC1)C(=O)OCC(C)C)C(=O)OCC(C)C,6.02827852
CC(CC(C1=CC=CC=C1)C1=CC=CC=C1)C,5.866468057
C1(CCCC1)CC(CCCCCC)CCCCCC,6.226536669
CCCCCCCCCCCCC=C,5.932245187
CCCCCCCCC(CCCCCCCC)CCC1CCCCC1,6.508769137
C(C(CCC(=O)OCC(CCCC)CC)C(=O)OCC(CCCC)CC)C(=O)OCC(CCCC)CC,6.814542897
CCCCCCCCCCCCc1cc(ccc1C)C(C)C,6.32256524
C(CCC)C(CCCC)CCC(CCCC)CCCC,6.335054251
CC(C)(C)C1CCC(CC1)C(C)(C)C,5.908082938
CCCCCCC(C)C1CCCCC1,5.897153868
CCCCCCCCCCCCCCCCCCC1CCCCC1,6.464588304
CCCCCCCCCCC(=CCCCCCCCCC)c1cccc2ccccc12,6.612041035
C(CCC)C(CCCCCC)CC(CCCCCC)(C)CCCC,6.516193076
CCCCCCCCc1ccc2ccccc2c1,5.963579344
C(CCC)C1=C(C=C(C=C1)C(CCC)C)C(CCC)C,6.21860012
CC(C)CCC(CC(CCC(C)C)(C)C)(C)C,6.182084907
Cc1ccc(C)c(CC2CCCCC2)c1,5.796057751
CCCCc1cccc2ccccc12,5.648974238
CCCCCCCCCCCCCCCC(C1CCCC1)C2CCCC2,6.559615237
CC(C)CC(CC(CCCCCCCCCCCCCC)C)C,6.473890696
CC(C)CCC(C)(C)c1ccccc1,5.811140993
C(CCC)C(CC1CC2CCCCC2CC1)CCCCCCCCCCCCCCCC,6.732210706
C(CC)C1C(CCCC1)C1CCCCC1,5.888877958
C(CCCCCCCCCCC)(=O)OC(CCCCCCCCC)C,6.478509642
CCC(CC)(CC)CCC(CC)(CC)CC,6.118097198
C(CCc1ccccc1)CCc2ccccc2,5.860786223
C(CCCCC(=O)OCCCCCC)(=O)OCCCCCC,6.276643489
CC(C)Cc1cccc2ccccc12,5.648974238
C(C)C1=CC=C(C(=O)C2=CC=CC=C2)C=C1,5.703782475
CCCCCCCCCOc1ccccc1,5.92157842
CCCCCCc1cccc2ccc(CCCC)cc12,6.11146734
C(CCCCCC)C=1C=C2CCCC2=CC1,5.891644212
CCCCCCCCCCCCCC1CCCCC1,6.230481448
CCCCCC(CCCCC)CCCCCC(CCCCC)CCCCC,6.632001777
C1(CCCCC1)C1=C(C=C(C=C1)C)C,5.707110265
C=1(C(=CC=CC1)C(=O)OCCCC)C(=O)OCC1=CC=CC=C1,6.070737728
C1(CCCC1)CCCC(CCCCCCCC)CCCC1CCCC1,6.467698726
CCCCCCCCCCc1ccc(CCCCCCCCCC)cc1,6.501289671
CC(C)(CC(CC=C(CCC(CC(C)(C)C)C)CCC(CC(C)(C)C)C)C)C,6.661854741
C(CCCC)OCCOCCOCCOCCOCCO,6.248042875
CCCCCCC(C)CC(CCCCCC)C(CCCCCC)CC(C)CCCCCC,6.801283034
C(Cc1ccccc1)C(CCc2ccccc2)CCc3ccccc3,6.23636959
C(CCCCCCC)C(CCCCCCCCC)CCCCCCCCCC,6.666956792
CCCCCCCCCCCCCCCC(CCCC)CCCC,6.513230111
CCCCCCCCCCCCCC(CCCCCC)C1CCCCC1,6.549650742
CC1=CC=C(C=C1)CCCCCCCCCCCCCCCCCC,6.458338283
CC(CCCCCC)C=CC(CCCCCC)C,6.202535517
CCCCCCCCCCCCCCCCCCCCCCC1CCC2CCCCC2C1,6.7310181
C1(CCCCC1)C(C(CCCCCC)C)C1CCCCC1,6.270988432
C(CCC)C1C(CCCC1)CCCCCC,6.040254711
CCCCCCCC1CCC(CC1)C2CCC(CCCCCCC)CC2,6.504288174
CC1=CC2=CC=C(C=C2C=C1CCCCCCCC)C,6.11368218
C(CCCCCCCCC)(=O)OCCCCCCCCCC,6.354370041
CCc1ccccc1c2ccccc2,5.564520407
CCC(C)c1ccccc1c2ccccc2,5.783825182
C1(CCCCC1)CCCC(CCCC1CCCCC1)CCC1CCCCC1,6.499787041
CCCCC(CCCC)CCCCCC(CCCC)CCCC,6.472346295
C(C1=CC(C(=O)OCCCCC)=CC=C1)(=O)OCCCCC,6.150602768
C1(=CC=CC=C1)C(C(C)C)C1=CC=CC=C1,5.783825182
C1(CCCCC1)C(CCCCCCCCCCCC)C1CCCCC1,6.467698726
CCCCCCCC=CCCCCCCCC,6.139884552
C1CCC(C1)CCCC(CCCC2CCCC2)=CCCC3CCCC3,6.398594935
CCCCCCCCCCCCOC(=O)c1ccccc1,6.180016654
CCCCCCCCC1CCC(CC1)C2CCC(CCCCCCCC)CC2,6.583409222
C(CCC)C=1C=C2CCCCC2=CC1CCCC,6.033086222
CCC(C)(C1CCCCC1)C2CCCCC2,5.966146739
C(CC)C(CCCCCCCC)C(CCCCCCCC)CCC,6.514712691
CCCCC(CC)CC(C(C)C)C(CC(CC)CCCC)C(C)C,6.520621128
CCCCCCCCCCC(CO)CCCC,6.150602768
C(CCCC)OC(=O)C1=CC=C(C=C1)C(=O)OCCCCC,6.150602768
CC(=CCCCCCCC)CCCCCCCC,6.202535517
CCC(Cc1ccccc1)c2ccccc2,5.780743516
C(CCCCC(=O)OCCCCCCCCCCCC)(=O)OCCCCCCCCCCCC,6.763884909
CCCCCCCCCCCCCCCCC1CCCC2(CCCC2)C1,6.510258341
CCCCCCOC(=O)c1ccccc1C(=O)OCCCCCC,6.263398263
C1(CCCCC1)CCC=1C=C2CCCCC2=CC1,5.953243334
C1(=CC=CC=C1)C(CCCCCCCC)C1=CC=CC=C1,6.137727054
C(CC(CCCc1ccccc1)c2ccccc2)Cc3ccccc3,6.23636959
C1(=CC=CC=C1)C(CCCCCCCCCCCCCC)CCCCCCCCCCCCCC,6.821107472
CCCCCCCCCCC(CCCCCCCCCC)c1cc(C)ccc1C,6.622736324
C=1(C(=CC=CC1)C(=O)OCCCCCCCC(C)C)C(=O)OCCCCCCCC(C)C,6.620073207
CC(CCCC)OCCCCCCCCCCOC(CCCC)C,6.476972363
CCCCCCCCCCCCCC(CCCC)CCCCCCCC,6.593044534
C1CCC(C1)CCCC(CCCC2CCCC2)CCc3ccccc3,6.363028104
CCCCCCCCCCCCCCCCC(CCC)C1CCCCC1,6.549650742
CC(C)(C)C(C(C1CCCCC1)C(C)(C)C)C1CCCCC1,6.33150185
CC(CCCCCC)CCCCCCC(CCCCCC)C,6.428105273
C(C)C1=CC=C(C2=CC=CC=C12)C,5.648974238
CC1=C(C(=CC(=C1)C)C)C(C1=CC=CC=C1)=O,5.799092654
CCCCCCC(C)CCCCCC,5.978885765
CC(C)C(CCCCCCCCCCCCCCCC)C,6.383506635
CCc1cccc2ccccc12,5.433722004
C(CCC)C1=C(C=C2CCCCC2=C1)CCCCCCCC,6.270988432
CC(c1ccccc1)c2ccc(C)cc2,5.549076085
C(=CCCCCCCCCCCCCCC)C1=C(C=C(C=C1C)C)C,6.439350371
CCCCCCCCCCCCCC(CCCCCC)CCCCCC,6.593044534
CCCCCCCCCCCCCCCCCCC(C)C1CCCCC1,6.549650742
C1(CCCCC1)CC(CCCCCCCCCCCCCCC)CC1CCCCC1,6.658011046
C(CC)OCCOCCOCCC,5.796057751
CCCCCCCCCCCCCCCCC1CCCCC1,6.380122537
C1CCC(C1)c2ccccc2C3CCCC3,5.796057751
CCCCC(CCCC)CCCCC(CCCC)CCCC,6.428105273
CCCCCCCCCCc1cccc(CCCCCCCCCC)c1,6.501289671
CCCCCCCCC1CCC(CC1)C2CCCCC2,6.214608098
CC(CC(CCCCCCC)(CC(C)C)C1=CC=CC=C1)C,6.324358962
CC1=C(C(=CC(=C1)C)C)CCCCCCCCCCCCCCCCCC,6.54534966
CCCCCCCCCCCCCC=C,6.003887067
CCCC(CCC)CCCCC(CCC)CCC,6.230481448
C(\C=C/C(=O)OCCCCCCC)(=O)OCCCCCCC,6.249975242
C1(CCCC1)CCCCCCCCCCCCCCCCCCCCC,6.551080335
C(CCCC(=O)OCCC(C)C)(=O)OCCC(C)C,6.109247583
C1(CCCCC1)C(=O)OCC,5.468060141
C1(=CC=CC=C1)C(=CCCCCCCCCCCC)C1=CC=CC=C1,6.33150185
C(CCC)C(CCCCCCCCCCCCCCCCC)C1=CC=CC=C1,6.582025139
C(CCCC)(=O)OCCCCCCCCCCCCCCCCCC,6.489204931
C(CCCCCC1CCCCC1)CCCCC2CCCCC2,6.318968114
CCCCCCCCCCCCCC(c1ccccc1)c2ccccc2,6.401917197
CCCCCCCC1CCCCC1,5.837730447
CCCCCCCC(CCCCCCC)CCCCCCC,6.426488457
CCCCCCCC1CCC(CC1)C2CCCCC2,6.156978986
C(CCCCC(=O)OCCCCCCC)(=O)OCCCCCCC,6.376726948
C1(=CC=C(C=C1)C(=O)OCC)C(=O)OCC,5.733341277
C(CCCC)OCCOCCOCCO,5.926926026
C(C)(C)C1C(CCCC1)C1CCCCC1,5.891644212
Cc1cc(C)c(C2CCCC2)c(C)c1,5.717027701
CCCCCCC1CCCC1,5.666426688
C(CCCCCCCCC)C(CCC1CCCCC1)CCC1CCCCC1,6.54534966
CC(C)Cc1ccccc1c2ccccc2,5.783825182
CCCCCCC(CCC)C(CCC)CCCCCC,6.335054251
C1(=CC(=CC=C1)C(=O)OCCC(C)C)C(=O)OCCC(C)C,6.154858094
C(CCCCC(=O)OCCCCC)(=O)OCCCCC,6.165417854
C(CCCCC)C(=CCCCCC)CCCCCC,6.257667588
CCCCCCCCC(CCCCCCCC)=CCCCCCCC,6.535241271
C(CC)C(CCCCCCC)CCCCCCC,6.228511004
C(CCC(=O)OCCCCCCCCC)(=O)OCCCCCCCCC,6.466144724
C(CCC)(=O)OCCCCCCCCCCCCCCCC,6.356107661
CCCCCCC(C)c1ccccc1,5.805134969
C(CCCCCCC)OCCCC,5.869296913
C1(=CC=C(C=C1)C(=O)OCCCCCC)C(=O)OCCCCCC,6.263398263
C1(CCCCC1)CC=C(CCC1CCCCC1)CCC1CCCCC1,6.390240667
C1CCC(CC1)CCc2ccccc2,5.703782475
CCCCCCCCCCCC(CCCCCCCCCC)CCCCCCCCCC,6.799055862
CCCCCCCCCCCCCCCCCCCCC,6.380122537
CCCCCCCCCCCC,5.940171253
CCCCCCC(CCC)O,5.710427017
C=1(C(=CC=CC1)C(=O)OCCOC)C(=O)OCCOC,5.96100534
CCCCCCc1ccccc1,5.59471138
CCCCCCC(C)C(C)C(C)C(C)CCCCCC,6.338594078
C(C)C1C(C(C(C(C1CC)CC)CC)CC)CC,6.167516491
CCCCCC1CCCc2ccccc12,5.805134969
CC(C)CCCC(CCCC(CC)C)(O)C,6.098074282
CCCCCC=CCCCCC,5.783825182
CC(CC(=O)OC(CC(C)(C)C)CCCCC)(C)C,6.206575927
C(CC(CCCc1ccccc1)CCCc2ccccc2)Cc3ccccc3,6.388561406
CCCCCCCCCCCC(CCCC)CCCCCCCCCC,6.593044534
CCCCCCCCCCCCCCCC(CCCC)CCCCCC,6.593044534
CCCCC(c1ccccc1)c2ccccc2,5.863631176
C(C)(=O)O.OC(CCCCCCCCCCC(=O)OC1=CC=CC=C1)CCCCCC,6.539585956
CCCCCCCCC(C)c1ccccc1,5.96100534
CCCCC(CCCC)CCCCCCCCC(CCCC)CCCC,6.59441346
C1(CCCCC1)CCCCCCCCC1CCCCC1,6.214608098
CCCCCCCc1ccccc1CCCCCCC,6.212606096
CCCCCCCCCCCCCC(CCCCCCCCCCCC)CCCCCCCCCCCC,6.970730078
C(=C)C(CCCC)CCC=CCCCCC,6.054439346
CC(C)(C1CCCCC1)C2CCCCC2,5.891644212
CCC(CC)CCCCC(CC)CC,5.981414211
C(CC)C(CCCCCCCC)C1CC2CCCCC2CC1,6.327936784
C(CC)C(CCCCCCCCC)C(CCCCCCCCC)CCC,6.59441346
CCCCCCC(c1ccccc1)c2ccccc2,6.011267174
C=1(C(=CC=CC1)C(=O)OCCCCCCC(C)C)C(=O)OCCCCCCC(C)C,6.542471961
CCCCCCCCCCCCCCC1CCCCC1,6.282266747
CCCCCC(C)(CC)CCCC,5.910796644
C(CCC)C(CCCC)=CCCC=C(CCCC)CCCC,6.385194399
CCCCCCCCCCCCCCCC(C)C,6.21860012
C(C)(=O)OCCOCCOC(C)=O,5.59471138
CCCCCCCCCCCCCCC=C(Cc1ccccc1)Cc2ccccc2,6.552507887
C(CCCCC)C(CCCC1CCCCC1)CCCCCC,6.37502482
C1(=CC=CC=C1)CC1=C(C=CC=C1)O,5.564520407
CCCCCCCCCC1CCCCC1,6.001414878
O(c1ccccc1)c2ccccc2,5.424950017
CCCCCCCCCC1CCC(CC1)C2CCCCC2,6.269096284
C(CCC)C(CCCC)(CCCCCC)CCCC,6.284134161
CCCCCCCCCCCCCCc1ccccc1,6.192362489
CCCC(CC1CCCCC1)CC2CCCCC2,6.098074282
C1(CCCCC1)C1CC(CCC1)C,5.720311777
CC(OCCCC)COC(COC(COCCCC)C)C,6.29710932
CC(C)CCC(CCC(C)C)CC1CC(CCC1C)C(C)C,6.381816017
CCCCCC(c1ccccc1)c2ccccc2,5.940171253
C(CCC(=O)OCCCCCCCCCCCC)(=O)OCCCCCCCCCCCC,6.698268054
C1(=CC=CC=C1)C1CC2CCCCC2CC1,5.796057751
CCCC(CCC)CCC,5.655991811
CCCCCCCCCCCC1CCCCC1,6.115892125
C(CCC=CCC=CCC=CCC=CCC=CCC=CCC)(=O)OC,6.356107661
CCCCCCCCCCCCCC1CCCC1,6.212606096
CC(C)(C=CC(CCCCCCCC)C)C,6.086774727
C(CCC(=O)OCCC(C)C)(=O)OCCC(C)C,6.045005314
C(CCCCCCCCCC)C(CCCCCCCCCCCC)CCCCCCCCCCCC,6.91671502
CCCCCCCCCCCCCCCc1cccc2ccccc12,6.378426184
C(CCCCCCC\C=C/CCCCCCCC)(=O)OCC,6.329720906
C(CCCCCC)(=O)OCC(COC(CCCCCC)=O)(COC(CCCCCC)=O)COC(CCCCCC)=O,6.88550967
C(C1=CC=CC=C1)C(CC1=CC=CC=C1)CCCCCC,6.137727054
CCCCCCc1ccc2ccccc2c1,5.814130532
C(C)C(CCCC)=CCCCCCCC=C(CCCC)CC,6.385194399
CCCCCCCCCCCCC1CC(CCC1C)C(C)C,6.376726948
CCCCCCCCCCCCCCCCC(CCC)c1ccccc1,6.499787041
C1CCC(C1)C2CCC(C2)C3CCCC3,5.814130532
CCCCCCCCCCC(CCCCCCCCCC)CC1CC(C)CC1C,6.665683718
C=1(C(=CC=CC1)C(=O)OCCCCCCCCC)C(=O)OCCCCCCCCC,6.539585956
CC(CCCC(C)C)C1CCC(CC1)CCCC(C)C,6.280395839
CCCCCCCCCCCCC=C(c1ccccc1)c2ccccc2,6.380122537
CCCCCCCCCCCC1CCCC2CCCCC12,6.276643489
CCCC(CC(C)C)CC(C)C,5.834810737
C(C=1C(C(=O)OCC(CC)CC)=CC=CC1)(=O)OCC(CC)CC,6.267200549
C1(CCCCC1)CCOCCCCCCOCCC1CCCCC1,6.37331979
C(CC(CCCc1ccccc1)=CCCc2ccccc2)Cc3ccccc3,6.366470448
CC1=C(C=C(C=C1)C)CCCCCCCC,5.96100534
C1CCC(C1)c2ccccc2,5.384495063
CCCCC(C1CCCCC1)C2CCCCC2,6.033086222
C(C)C1=CC=C(C=C1)C(CCCCCCCCCC)C,6.214608098
CC(C)CCCCCCCCC(C)C,5.981414211
CCCCCCC(CCC)CCCCCC,6.11146734
CCCCCCCC(C)c1ccccc1,5.863631176
C(CC)C(=CCCCCCC)CCCCCCC,6.202535517
CCCCCCCCCCC(CCCCCCCCCC)C1CCCC2CCCCC12,6.698268054
C(CCCCCC)C1C(CCC1)CCCCCCC,6.224558429
CC(C)CCCC(CCCCC(CCCC(C)C)C)C,6.338594078
C(CCCc1ccccc1)CCc2ccccc2,5.937536205
CCCCCCCCCC(CCCCCCCCC)CCCCCCCCC,6.666956792
C1(=CC=CC=C1)C(C)=CCCCCCCCC,5.996452089
C(CCCCCCCCCCCCCCC)C1=CC(=CC(=C1C)C)C,6.461468176
C1(CCCCC1)C1=C(C=C(C=C1)C)C,5.707110265
CCCCCCCCCCCCCCCC1CCCC2CCCCC12,6.466144724
CCCCCCCCC1CCCC1,5.855071922
CCCCOCCOCCOCCOCCCC,6.12249281
C(CCCCC)C1=CC=C(C=C1)C,5.717027701
C1(=CC=CC=C1)C(CCC)CCCCCCCCCC,6.212606096
C(CCCCCCCC)(=O)OC(CCCCCC)C,6.198478716
CC(CCCCCCCCCCCCC)=O,6.056784013
CCCCCCCCC1CCCC2C(C)CCC(C)C12,6.222576268
C(C1=CC=CC=C1)C1=CC=C(C=C1)OC,5.645446898
C1(=CC=CC=C1)C=CCCCCCCCCCC(CCC)CCC,6.391917113
C(COCCOCCOCCOCCO)O,5.942799375
C(C=1C(C(=O)OCCCCCCCCC)=CC=CC1)(=O)OCCCCCCCCC,6.539585956
COCCOCCOCCOCCOCCOC,6.06610809
CCCC(CCC)(CCC)C(C)C,5.913503006
CCCCCCCCCCCCCCC=C,6.068425588
CCCCCCCC\C=C/CCCCCCCC(=O)OC,6.54534966
CCCCC(CCCC)=CCCC,5.869296913
