SMILES,Thermal_Conductivity_100C
CCCCCCCCC(CCCCCCCC)CCc1ccccc1,0.123
C(CCCCCCCCCCCC)(=O)OCCCC,0.15
C1(=CC=CC=C1)C(CCC)CCCCCCCCCC,0.143
CC(OCCOCCOCCOCCOCCOC)C,0.225
CCC(CC)CC1CCCCC1,0.113
Cc1cccc(Cc2ccccc2)c1,0.136
C(C=1C(C(=O)OCC(CC)CC)=CC=CC1)(=O)OCC(CC)CC,0.143
C(CCCCC(=O)OCCCCCCCC)(=O)OCCCCCCCC,0.17
CC(C1CCCCC1)c2ccccc2,0.128
C(COCCOCCOCCOCCOCCCCC)O,0.248
CCCCCCCCCCCCC(CCCCCCCCCCC)CCCCCCCCCCCC,0.152
CCCCCCCCCCCCCCCCCCCCCCCC,0.147
C1(=CC=CC=C1)C(=CCCCCCCCCCCCC)C1=CC=CC=C1,0.159
C(CCCC)OCCOCCOCCO,0.178
CCCCCCCCCCC,0.116
CCCCCCCCCC(CCCCCCCC)c1ccc(C)cc1,0.141
C(CCCCCCCCCCCCC)(=O)OC(CCCCCC)C,0.152
C(CCC)C=1C=C2CCCCC2=CC1CCCC,0.109
C(COCCOCCOCCOCCOCCO)O,0.18
CCCCCCCCCCCCCCCCCCc1ccc(C)cc1,0.144
CCCCCCCCCCC(CCCCCCCCCC)c1cccc2CCCCc12,0.12
C(CCCCCCC)C1CCCC2=CC=CC=C12,0.134
C(C)OCCOCCOCCOCCOCC,0.199
OCCOCCOCCOCCOCCOCCO,0.18
C(C)C(CCCCCCCCCC)(CCCCCCCCCCCC)C,0.123
CCCCCCc1ccc2cc(CCCCCC)ccc2c1,0.197
C(CCCCCCCCCCCCCCCCC)C1CC2=CC=CC=C2CC1,0.143
CC(CC(=O)OC(CC(C)(C)C)CCCCC)(C)C,0.104
CCCCCCCCc1cccc2c(C)ccc(C)c12,0.186
C(CCCCCC)C=1C=C2CCCCC2=CC1,0.122
CCCC(CCC)CCCCCC(CCC)CCC,0.121
CC1=C(C=C(C=C1)CCCCCCCCCCCCCCCC)C,0.127
C(CCCCCCCCC)C(CCC1CCCCC1)CCC1CCCCC1,0.128
CC(C)(CCCCCCCCCCCCC(C)(C)C)C,0.108
C(CCCCCC)C(=CCCCCCC)CCCCCCC,0.135
CCCCCCCCCCCCCCCCC(CCC)c1ccccc1,0.157
CCCCCCCCCCC(CCCCCCCCCC)c1ccccc1,0.142
C(CCCCCC)C(C(=O)OC)CCCCCCC,0.143
C(CCCC)OC(=O)C1=CC=C(C=C1)C(=O)OCCCCC,0.166
CCCCCCCCCCCCCCCCCCCCC1CCCCC1,0.148
C(C)C(CC)=CCCCCCCC=C(CC)CC,0.128
CCCC(=O)c1ccccc1,0.156
CCCCCCCC1CCCC1,0.121
C(CCCCCC)C1C(CCC1)CCCCCCC,0.125
CCCCCCOC(=O)c1ccccc1C(=O)OCCCCCC,0.137
CCCCCCCCCCC1CCCC1,0.127
CC(C)C(C(C)C)C1=CC=CC=C1,0.117
CCCCCCCCCCCCCCCCc1ccccc1,0.156
CCCCCCCCCCC(CCCCCCCCCC)C1CCCC2CCCCC12,0.132
C1(CCCCC1)C1CCC(CC1)C1CCCCC1,0.121
CCCCCCCCCCCCCCCCCCCCCCC1CCCCC1,0.147
CCCCCCCCCCC1CCCC(CCCCCCCCCC)C1,0.14
CCC1=CC=CC2=C(C=CC=C21)C,0.175
CCCCC1CCCCC1,0.115
C1CCC(C1)c2ccccc2C3CCCC3,0.121
C(C1=CC(C(=O)OCCCCC)=CC=C1)(=O)OCCCCC,0.163
CCCCCCc1cccc2ccc(CCCC)cc12,0.19
CCc1ccccc1c2ccccc2,0.191
C(CCCCCCC)C1C(CCC1)CCCCCCCC,0.13
CCCCCCCCCCCCCCCC=C,0.138
CCCCCCCCCC=C,0.123
CCCCCCCCC(CO)CCCCCC,0.138
CCCCC(C)(CC)C1CCCC2CCCCC12,0.104
C(CCCCCCC)C(CCCCCCCC)CCCCCCCCCCCCCCC,0.15
CCCCCCC(CCC)(CCC)CCCC,0.114
C(CC)C1=CC=CC2=CC=CC=C12,0.187
C1(CCCCC1)C(CCCCCCCCCCCC)C1CCCCC1,0.128
CCCCCCCCCCCCCC(=O)OC(C)C,0.145
CCCCCCCCCCCCCCCCCC(=O)OC(C)C,0.152
CCCCCCCCCCCCCCCC(CC)CC,0.133
CCC(C)(c1ccccc1)c2ccccc2,0.135
C(CCCCCCCCCCC)C1CCCC2=CC=CC=C12,0.134
CCCCCCCCCCCCCC(CCCC)CCCCCCCC,0.135
CCCCCC(c1ccccc1)c2ccccc2,0.15
CCCCCCCCC(CCCCCCCC)CCCCCCCC,0.13
C(CCCCCC)(=O)OCC(COC(CCCCCC)=O)(COC(CCCCCC)=O)COC(CCCCCC)=O,0.196
CCCCCCc1ccc2ccccc2c1,0.197
C(CCCCCCCCC)(=O)OCCCCCCC,0.147
CC(C)(C1CCCCC1)C2CCCCC2,0.106
C(CCC)C1C(CCCC1)CCCCC,0.125
C1(CCCCC1)C1C(CCCC1)C1CCCCC1,0.106
C1CC[C@@H]2CCCC[C@@H]2C1,0.123
CCCCCCC(C)C(C)C(C)C(C)CCCCCC,0.112
CC(=C)CCCCCCCCC(C)=C,0.106
CCCCCCCC(CCCCCC)CCCCCCC,0.132
C(CCC)OC(C)C1=CC=C(C=C1)OC,0.15
CCCCCCCCc1cc2cc(C)ccc2cc1C,0.182
CCC(C)(C1CCCCC1)C2CCCCC2,0.107
CCCCCCCCCCCCC1C(CCC1C2CCCC2)C3CCCC3,0.123
C(CCCCCCC)OCCCCCCOCCCCCCCC,0.185
COCCOCCOCCOC,0.147
C(CCC)C1=C(C=C2CCCCC2=C1)CCCCCCCC,0.113
CCCCCCCCCCCCCCCCC1CCCC2(CCCC2)C1,0.124
CC(CCOCCCCOCCC(CC(C)(C)C)C)CC(C)(C)C,0.129
CCCCCCCCCCCCCC=C,0.126
C(CCCCC(=O)OCCCCCCCCCCCC)(=O)OCCCCCCCCCCCC,0.166
CCCCCCCCCCCCCCC1CCCCC1,0.135
C(CCCC(=O)OCCCCCCCCCCCC)(=O)OCCCCCCCCCCCC,0.167
CCCCCCCCC(CCC)c1ccc2ccccc2c1,0.204
C(C)C(CCCCCC)OCCCCCCOC(CCCCCC)CC,0.168
CCCCCCCCC1CCC(CC1)C2CCC(CCCCCCCC)CC2,0.122
CCCCCCCC(CCCCCCC)CCCCCCC,0.134
C(C=1C(C(=O)OCCCCCCCCCCCC)=CC=CC1)(=O)OCCCCCCCCCCCC,0.156
C(C)C(CC)=CCCCCCCCCCCCCCC,0.131
C(CCCc1ccccc1)CCc2ccccc2,0.161
CCCCCCC(CCCCCC)c1ccccc1,0.141
C(c1ccccc1)c2ccccc2,0.146
C1(CCCCC1)CC1CCC(CC1)C,0.115
CCCCCC(CCC(CCC(C)C)CCC(C)C)CCC(C)C,0.101
CCCCCCCCCC(CCCCCCCCC)CCCCCCCCC,0.139
CCCCCCCC(C)c1ccccc1,0.141
C1(CCCCC1)C1CC(CCC1)C1CCCCC1,0.119
C(CCC)C(CCCCCC)CC(CCCCCC)(C)CCCC,0.117
CCCCCCCCCCCCCCCCCCC,0.134
CCCCCCCCCCc1cccc(CCCCCCCCCC)c1,0.155
O(C1=CC=CC=C1)CCOC1=CC=CC=C1,0.181
C(CCCCC)C(=CCCCCC)CCCCCC,0.13
C(CCCCCCCCC(=O)OCCC)(=O)OCCC,0.164
C(CCCCCCC)C1C(CCC1)CCCCCCCC,0.13
CCCCCCCCCCC=C,0.126
CCCCCCCCCCCCC(CCCCCCCCCCCC)C1CCCCC1,0.148
CCCCCCC(CCCCCCCCCCC(=O)OCCCC)OC(C)=O,0.175
CCCCCCCCCCCCCCCCCCCCc1ccccc1,0.166
CCCCCCCCCCC(CCC)CCC,0.137
CCCCCCC(CCCCCC)CCCCCC,0.129
C(CC)C1C(CCCC1)C1CCCCC1,0.117
CC(C)CC(CC(CCCCCCCCCCCCC)C)C,0.122
CCCCCCCCCCCCOC(=O)c1ccccc1,0.156
C(CCCCCCC(=O)OCCCC)(=O)OCCCC,0.164
C1(CCCCC1)C(CCC)CCCCCCCCC(CCC)CCC,0.13
CCCCCCCCCCCCCCCC(CC)=CC,0.134
CCCCC(CC)CCC(C)C,0.111
CC1=CC=C(C=C1)CCCCCCCC,0.128
C(C)OC(C(=C(CCCCCCCCCCCCC)O)CCCCCCCCCCCC)=O,0.151
CCCCC(CCCC)CCCCC(CCCC)CCCC,0.134
CCCCCCCCCCCCCCCC1CCCC1,0.13
CC(CCCCCC)C=CC(CCCCCC)C,0.127
C1CCC(CC1)CCCCC2CCCCC2,0.125
CCCCCC(CCCCC)CCCCCC(CCCCC)CCCCC,0.127
CCCCCCC(CCCc1ccccc1)CCCc2ccccc2,0.158
C(CCC)C(CC1CC2CCCCC2CC1)CCCCCCCCCCCCCCCC,0.12
CCCCCCCCCCCCCCCC,0.13
C=1(C(=CC=CC1)C(=O)OCCCC)C(=O)OCC1=CC=CC=C1,0.174
CC(C)CCC(CC(CCC(C)C)(C)C)(C)C,0.087
CCCCCCCCCCCCCC(CC1CCCCC1)CC2CCCCC2,0.135
C(C)C1=CC=C(C2=CC=CC=C12)C,0.174
CCCCCCCCCCCCCCCC(Cc1ccccc1)Cc2ccccc2,0.175
CCCc1ccccc1c2ccccc2,0.194
CCCCCCC(CCCCCCCCCCC(=O)OCCOc1ccccc1)OC(C)=O,0.212
C(CCCCCCCCC(=O)OCCCC)(=O)OCCCC,0.167
CC(C)c1ccc2ccc3ccccc3c2c1,0.243
CCCCCCC=CCCCCCC,0.134
CCCCCCC(C)CCC=C,0.12
C(CCCCC)C(=CCCCCC)CCCCCC,0.13
CC=1C(=CC2=CC=CC=C2C1)CCC,0.177
CCCCCCc1ccccc1,0.134
CCCCCCCCCCCCCCC(CCCCCCCCCCCCCC)C1CCCCC1,0.151
CCCCOCCOCCOCCCC,0.139
C(CCC)C(CCCC)(CCCCCC)CCCC,0.112
CC(C)CCCC(C)CCCC(C)CCCCC(C)CCCC(C)CCCC(C)C,0.115
CCCCCCCCCCCCCCCC(C)C,0.131
CCCCCCc1cc2ccccc2cc1CCCC,0.191
CC(C)(C=CC(CCCCCCCC)C)C,0.116
CCC(C)c1ccccc1c2ccccc2,0.188
C1(CCCCC1)C1=C(C=C(C=C1)C)C,0.111
CC(C)c1cccc2ccccc12,0.179
CCCCCCC(C)CCCCCC,0.124
CC(C)CCCCCCCCCCC,0.124
CCCCCCC1CCCC1,0.119
C(CCCC)C1=CC=C(C=C1)C1CCC(CC1)CCC,0.125
Cc1ccc(C)c(CC2CCCCC2)c1,0.112
CCCCCCCCCCC1CCCCC1,0.129
C(CCCCCC)C(CCCCCCCCC)(CCCCCCCCCC)CCCCCCCC,0.123
CCCCCCCCCCCC(CCCCCCCCCC)CCCCCCCCCC,0.149
Cc1cc(C)c(C2CCCC2)c(C)c1,0.099
C(CCCCCCC)OCCOCCOCCO,0.199
CCCCc1ccccc1,0.114
CCCCCCCCC(CCCCCCCC)CCCC1CCCC1,0.137
C(CCC)C(=CCCCCCCCCCCCCCC)C1=CC=CC2=CC=CC=C12,0.226
C(COCCOCCOCCOCCCC)O,0.203
C(C(C)C)C(CC(C)C)CCCCC(CC(C)C)CC(C)C,0.101
CCCCCCCCCCCCCCC=C(c1ccccc1)c2ccccc2,0.165
CCCCCCC(CCCCC)c1ccc2ccccc2c1,0.204
CC(CCCCCC)C1=CC=CC=C1,0.132
C1(=CC=CC=C1)CC(CC1=CC=CC=C1)C,0.145
CCC(CC)CCCCCC(CC)CC,0.118
C(CCCCCCCCCCCCCCCCC)(=O)OC(C)(C)C,0.138
CCCCCCCCc1ccc2ccccc2c1,0.204
CC1=CC=C(C2=CC=CC=C12)C(C)C,0.173
CCCCCCCCCCCCCCCCCCCCCC(CC)CC,0.14
CCCCCCCCCCCCC(CC)CO,0.142
CCCCCCCCC1CCCC2C(C)CCC(C)C12,0.115
C1CCC(CC1)C2=CC=CC=C2,0.131
CCCCCCCCCCCCCCCCCCCCC,0.142
CCCCCCCCCCCCC,0.12
CC(C)C1=CC=C(C=C1)CC(C)C1=CC=C(C=C1)C(C)C,0.11
CCCCCC=CCCCCC,0.13
C1CCC(CC1)CCC(CCCC2CCCC2)CCC3CCCCC3,0.127
CC(CCCC(C)C)C1CCC2=CC=CC=C12,0.116
C(CCCCCCCCC)C=1C=C2CCCCC2=CC1,0.129
[CH2]1CC[C]2(CC1)CC[CH2]CC2,0.11
CCCCCCCCCCC(CCCC)CCCC,0.129
CCCCCCCCCCCCCC1CCCCC1,0.134
C(CCCCC)C(CCCC1CCCCC1)CCCCCC,0.13
C1(=CC=C(C=C1)C(=O)OCC)C(=O)OCC,0.152
CC1=CC2=CC=C(C=C2C=C1CCCCCCCC)C,0.182
C(CCCCCCC)C(CCCCCCCCC)CCCCCCCCCC,0.141
C1CCC(C1)CCC(CCC2CCCC2)CCC3CCCC3,0.126
CCCC(C1CCCCC1)C2CCCCC2,0.118
CCCCCCCCCCCCCCCc1cccc2CCCCc12,0.124
CC(C)CCC(C(CCC(C)C)CCC(C)C)CCC(C)C,0.1
CCCCCCC(CCC)C1CCC(CC1)C2CCCCC2,0.119
C1(CCCCC1)CCCCCC1CCCCC1,0.126
CCCCCCCCCC,0.111
C(CCCCCCCCCCC)(=O)OC(CCCCCCCCC)C,0.154
CC=1C(=C(C=CC1)C1=CC=C(C=C1)C)C(C)C,0.171
CCC1=C(C2=CC=CC=C2C=C1)C,0.175
CCCC(CC)(CCC)CCC,0.106
C(C1=CC(C(=O)OCC(C)C)=CC=C1)(=O)OCC(C)C,0.148
CCCCC(CC)CCC(CC)CCCC,0.117
CCCCCCCc1ccccc1CCCCCCC,0.137
C(CCCCCCC\C=C\C\C=C\CCCCC)(=O)OC,0.168
C(CCC)C(CCCCC)(CCCCCCCC)CC,0.115
CCc1cccc(Cc2ccccc2)c1,0.138
C1(=CC=CC=C1)CCCCCCC1=CC=CC=C1,0.161
CC(C)CC(CC(CCCCCCCCCCCC)C)C,0.121
CC(C)CCCC(CCCC(CC)C)(O)C,0.116
C1CCC(C1)CCCC(CCCC2CCCC2)=CCCC3CCCC3,0.128
CCCCCCCCCOCCCCOCCCCCCCCC,0.183
CCCCCCC(C)c1cccc2ccccc12,0.194
CCCCCCCCCCCCc1ccccc1,0.147
CCCCCCCCCCCCCC(CCC)CCC,0.131
CCCCCCCC\C=C/CCCCCCCC(=O)OCCC,0.163
CC(C)Cc1cccc2CCCCc12,0.11
CCCCCCC(CCCCCCCCCCC(=O)OCCOCCOC)OC(C)=O,0.219
C(\C=C/C(=O)OCCCCCCC)(=O)OCCCCCCC,0.176
CCCCCCCCCCCCCC,0.124
C1(=CC=CC=C1)C1CC2CCCCC2CC1,0.129
CC(CCCC=1C=C2CCCCC2=CC1CCCC(C)C)C,0.1
CCCCCCCCCCC(CCCCCCCCCC)CC1CCCC1,0.139
COCCOCCOCCOCCOCCOC,0.227
C(COCCOCCCCCCCCC)O,0.173
C1(CCCCC1)CCCCCCCCC1CCCCC1,0.129
C(C)C(CCCCCC)(C)C1=CC=CC2=CC=CC=C12,0.187
CCCCCCCCC1CCCC1,0.125
C(CCCCCC)OCCOCCOCCO,0.184
C(CCCCCCC)C=1C=C2CCCCC2=CC1,0.123
C(CCCCC)C1=CC=C(C=C1)C,0.124
CCCCCCc1cc2CCCCc2cc1CCCC,0.111
C1CCC2CCC3C(C12)CCCC3,0.112
C(CCCCCCCCCCCCCC)(=O)OCC,0.15
C1(=CC=C(C=C1)C(=O)OCCCCCC)C(=O)OCCCCCC,0.168
C(CC)C(CCCCCCCCCC)C(CCCCCCCCCC)CCC,0.132
C(CCCCCCCC)C(CCCCCCCCC)CCCCCCCCCC,0.142
CCCCCCCCCCCCCCCC1CCCCC1,0.146
CCCCCCCCCCCCCCCCC1CCCC1,0.135
CCCCC(C)(C)c1ccccc1,0.118
CCCCCCCCC=C,0.12
CCCCCCCCCCCCCC1CCCC1,0.128
C(C)C1CCCC2=CC=CC=C12,0.118
O=C(c1ccccc1)c2ccccc2,0.174
CCCCC(CCCC)(CCCC)CCCC,0.11
CCC(CC)CCCCC(CC)CC,0.116
CCCCCCCCCCC(=CCCCCCCCCC)c1ccccc1,0.184
C(CCCCCCCCCCCCC)(=O)OCCCCCCC,0.155
C1(=CC=CC=C1)C(=CCCCCCCCCCCC)C1=CC=CC=C1,0.159
C1(CCCCC1)C(CCCCCCCCCCCCCC)CCCCCCCCCCCCCC,0.151
C(Cc1ccccc1)Cc2ccccc2,0.153
CCCCCCCCCCCC(CCCCCCCC)CCCCCCCC,0.143
CCCCCCCCCCCCCCCCC1CCCCC1,0.14
CC(c1ccccc1)c2ccc(C)cc2,0.132
CC(CCCCCC)CCCCCCC(CCCCCC)C,0.128
C1(CCCC1)CCCC(CCCCCCCC)CCCCCCCC,0.137
C(C(C)C)C(CC(C)C)CCCCC(CC(C)C)CC(C)C,0.101
C(CCC)C1=C(C=CC=C1)CCCCCC,0.128
C(CCCCCCCCCCCCCCCCCCCCCCCCCCC)(=O)OCC,0.152
C(CCCCCCCC)(=O)OCCCCCCCC,0.146
CC(C)C(CCCCCCCCCCCCCCCC)C,0.13
C(=C)OCCOCCOCCOC=C,0.191
CCOCOCOCOCOCC,0.108
CCCCCCCCC1CCCC2CCCCC12,0.122
CCCCCCCCCCc1ccccc1,0.144
C(CCCCC(=O)OCC(CCCC)CC)(=O)OCC(CCCC)CC,0.168
CCCCCCCCCCCCCC(CCCCCCCCCCCC)CCCCCCCCCCCC,0.155
CCCCCCCCCCCCCCCCCC(CCCC)CCCC,0.143
CCCCCCCCCCCCCC(=O)OC,0.149
C1(=CC=CC=C1)C(CCCCCC)CCCCCCC,0.143
CCCCCCCCC(CCC1CCCCC1)CCC2CCCCC2,0.122
C(CC)C(CCCCCCCCC)C(CCCCCCCCC)CCC,0.123
CCCCCCCC=CCCCCCCCC,0.139
CCCCCCCCCCCCCCCCCC(=O)OCCCCCCCCCC,0.154
CCCCCC1CCCC1,0.115
CC1=C(C(=CC(=C1)C)C)C(C1=CC=CC=C1)=O,0.138
C1CCC(C1)c2ccccc2,0.13
CCCCCC(CC)c1ccc2ccccc2c1,0.143
CC(CCCCCCCCCCCCC)=O,0.161
CCCCCCCCCCCCCCCCCCCCCC,0.144
CCCCCCCCCCCCCCCC(CCCC)CCCCCC,0.136
CCCCCCCCCCCCCCCCCC(CCCCCCCC)CCCCCCCC,0.15
C(CCCCCCCCCCC)(=O)OCC(CCCC)CC,0.148
CCCCCCCCCCCCCC(=O)OCCC,0.152
CCCCCCCCCCC1CCC(CCCCCCCCCC)CC1,0.142
CC(CC1CCCCC1)C2CCCCC2,0.109
CC(C)Cc1ccccc1c2ccccc2,0.19
C1CCC(CC1)CC2CCCCC2,0.108
C1(=CC=C(C=C1)C(=O)OCCCCCC)C(=O)OCCCCCC,0.168
CC(CCCCCC)CCCCCCC(CCCCCC)C,0.128
CCCCCCCCCCCCc1cccc2ccccc12,0.211
CC(CCCCC)CCCCCCCCC,0.127
CCc1ccccc1Cc2ccccc2,0.137
CCCCCCCCCCCCC=C(c1ccccc1)c2ccccc2,0.159
C1(CCCCC1)CCC(CCCC1CCCC1)CCC1=CC=CC=C1,0.146
CC(C)(C)C1CCC(CC1)C(C)(C)C,0.087
COCCOCCOCCOCCOCCOC,0.227
CCCCCCCCCCCCCCCCCCCCCCC1CCC2CCCCC2C1,0.127
CC(CCCCCCCCC)CCCCCCCCCC,0.134
CCCCCCCCCCCCCCC=C,0.136
CCCCCCCCCCCC,0.118
CCCCCCc1cc2ccccc2cc1CCCCCC,0.196
Cc1ccc(Cc2ccccc2)cc1C,0.125
C(C1=CC=C(C(=O)OCC(C)C)C=C1)(=O)OCC(C)C,0.148
C(C(C)C)C(CC(C)C)CCCCCCCCCCCCCCC,0.127
C(C)(=O)OCCCCCCCCCCCCCCCCCCC,0.155
CC(CCc1ccccc1)c2ccccc2,0.145
CC(C)(C)c1ccc2CCCc2c1,0.099
C1(CCCC1)CCCCCCCCCCCCCCCCCCCCC,0.151
CCc1cccc(c1)c2ccccc2,0.194
C1CCC(C1)c2ccc3CCCc3c2,0.113
CCCCCCCCCCC(=CCCCCCCCCC)c1cccc2ccccc12,0.206
CCCCCCCCCCC(CO)CCCC,0.142
C1(=CC=CC=C1)CC(C)(C)C1=CC=CC=C1,0.133
CCOCOCOCOCC,0.168
CCCCCCCCCCCCCCCC(CCCC)CCCCCCCCCCCCCCC,0.162
CCCCCCCCCCCCCCC1CCCC1,0.126
C1(CCCCC1)CCCC(CCCC1CCCCC1)CCC1CCCCC1,0.124
CCCCCCCCCCCCCCCCCC,0.137
CCCCCCCCC(CCCCCCCC)C1CCCCC1,0.133
C(OCc1ccccc1)c2ccccc2,0.166
CCCCCC=CCCCCCCCCC,0.139
C1CCC(C1)CCCC(CCCC2CCCC2)CCCC3CCCC3,0.133
C=C(c1ccccc1)c2ccccc2,0.139
C1(CCCCC1)C1=CC2=CC=CC=C2C=C1,0.19
CC(CCC(=O)OC)CCCC(CCCC(CCCCCC)C)C,0.139
CCCCCCCCC1CCC(CC1)C2CCCCC2,0.123
CC(CCCC(C)C)C1CCC(CC1)CCCC(C)C,0.111
C(CCC)C1C(CCCC1)CCCCCC,0.122
CCCCCCCCCC(C)c1ccccc1,0.139
CCCCCC(CCCCC)C(CCCCC)CCCCC,0.122
CCCCCCC(C)c1ccccc1,0.132
CCCCCCCCCCCCCCCCCCC1CCCCC1,0.146
C(CCCCCc1ccccc1)CCCCc2ccccc2,0.171
C(CCCCCCCC)C(CC=CCCCCCC)CCCCCCCCC,0.151
C(CCCCCCCCCCCCCCCCCCCCC)(=O)OC,0.16
CCCCCCc1ccc(CCCCCC)cc1,0.133
C=1(C(=CC=CC1)C(=O)OCC(C)C)C(=O)OCC(C)C,0.145
C(CCC(=O)OCCCCCCCCC)(=O)OCCCCCCCCC,0.17
CC1=CC=C(C=C1)CC(C)C1=CC=C(C=C1)C,0.121
CCCCCCCCCCCCCCCCCC=C,0.143
CC1CC(=C(CC1)C(C)C)C1=CC=C(C=C1)C,0.131
CC(C)CCCC(C(CCC(CCCC(C)C)C)C)C,0.108
C1CCC(CC1)C2CCCCC2,0.105
CCCC(Cc1ccccc1)Cc2ccccc2,0.148
C(CCCC1CCCCC1)CCC2CCCCC2,0.128
C1(=CC=CC=C1)C(CCCCCC)CCCCCCCCC,0.149
CCCCC1CCC(CC1)C2CCCCC2,0.118
C1CCC(C1)C2CCC(C2)C3CCCC3,0.116
CCCCCCCCCCCCCCCCC(CCCCCCCCCCCCCCCC)C1CCCCC1,0.151
C(CCCCCCCCCCC)C1CCC(CC1)CCCCCCCC,0.137
CCCCC(CCCC)=CCCC,0.116
CCCCCCC(C)CCCC,0.118
CCCCCCCCCCCCCCCCCCCCC(C)(C)C,0.125
CCCCCCCCCCCCCCCc1ccccc1,0.145
C(CC)OCCOCCOCCC,0.164
CCCCCCCCCCc1ccc2ccccc2c1,0.214
C(C)C(CCCC)CCCCCCCCC(CCCC)CC,0.127
C(CCC)C(CCCCCCCCCCCCCCCCC)C1=CC=CC=C1,0.142
CC(C)CC(CC(CCCCCCCCCCCCCC)C)C,0.124
CCCCCCCCCCCCCC(CCCCCCCC)CCCCCCCC,0.149
CC(Cc1ccccc1)c2ccccc2,0.144
CC(CC(C1=CC=CC=C1)C1=CC=CC=C1)C,0.143
CCCCCCCCC(CCCCCCCC)CCC1CCCCC1,0.137
CCCCCC=CC(C)CCC,0.117
CC(C)CC(C(CC(C)C)(C1=CC=C(C=C1)C(C)(C)C)C)(C1=CC=C(C=C1)C(C)(C)C)C,0.051
CC(C)CCC(C)(C)c1ccccc1,0.115
CC1=C(C=CC=C1)C(C1=CC=CC=C1)=O,0.162
C1(CCCC1)CCCC(CCCCCCCC)CCCC1CCCC1,0.133
CCCCCCCCCCC(CCCCCCCCCC)CC(C)(C)C,0.123
CC(C)c1ccccc1c2ccccc2,0.187
C(CCC)C(CCCC)=CCCC=C(CCCC)CCCC,0.128
CCCC(CC)C1CCCCC1,0.114
C(CC)(=O)OCC(CCCCCCC)CCCCC,0.141
CCCCCCC(CCC)c1ccc2ccccc2c1,0.199
C1(=CC=CC=C1)C(CCCCCCCCCCCCCC)CCCCCCCCCCCCCC,0.167
C1(CCCCC1)C(C(CCCCCC)C)C1CCCCC1,0.118
CC(C)CC(C1CCCCC1)C2CCCCC2,0.114
CC(CC(C1=CC=CC=C1)C1=CC=CC=C1)(C)C,0.134
CC1=CC=C(C(=C1)C(=CCCCCCCCCC)CCCCCCCCCC)C,0.122
C1CCC2C(C1)CCC3CCCCC23,0.113
C(CCC)C1=C(C=C(C=C1)C(CCC)C)C(CCC)C,0.106
C(CCCCC)C1=CC=C(C=C1)CCCCCC,0.133
C(CCCCCCCCC)C(=CCCCCCCCCC)CCCCCCCCCC,0.139
CCC(C)C1CCCc2ccccc12,0.117
CCCC(CCC)CCCCC(CCC)CCC,0.122
CC(CCC1CCCCC1)C2CCCCC2,0.118
CCCCC(C1CCCCC1)C2CCCCC2,0.119
COCCOCCOCCOCCOC,0.156
C(CCC(=O)OCCC(C)C)(=O)OCCC(C)C,0.147
CCCCCCCCCCCCCCCC(CCCC)c1ccccc1,0.154
CCCCCCCC1CCCc2ccccc12,0.128
CCCCCCCCCCCCCCCCC=C,0.139
C(CCCCC)(=O)OCC(COC(CCCCC)=O)(COC(CCCCC)=O)COC(CCCCC)=O,0.175
CCCCCCC=CCC,0.124
C(CCCCC(=O)OCCCCCC)(=O)OCCCCCC,0.139
CCCCCCC(c1ccccc1)c2ccccc2,0.152
C1(=CC=CC=C1)C(CC(C)C)C1=CC=CC=C1,0.143
C1(CCCCC1)CCC=1C=C2CCCCC2=CC1,0.118
CC(C)CCC1CCCCC1,0.112
CCCCCCCCCCCCCCCC(CCCC)CCCC,0.135
C(CCC(=O)OCCCCC)(=O)OCCCCC,0.158
C(C)C(C(=O)OC(CC)(CC)CC)(CCCCCCCC)CC,0.117
O(c1ccccc1)c2ccccc2,0.132
C(CCC)OCCOCCOCCOCCOCCO,0.239
CC(c1ccccc1)c2cc(C)ccc2C,0.119
C(c1ccccc1)c2cccc3ccccc23,0.212
C(C)(=O)O.OC(CCCCCCCCCCC(=O)OC1=CC=CC=C1)CCCCCC,0.187
C(C)C(CCC(C)C)(CCC(C)C)C1=CC=CC=C1,0.114
CCCCCCCCCCCCCCCC(CCC)CCC,0.135
CCCCCCCCCCCC(c1ccc(C)cc1)c2ccc(C)cc2,0.136
C(C=1C(C(=O)OCCCCCCCC(C)C)=CC=CC1)(=O)OCCCCCCCC(C)C,0.155
CCCCCCCCC1CCCCC1,0.126
CCCCCCCC(CO)CCCCCCC,0.14
C1(=CC=CC=C1)C(=CCCCCCCCCC)CCCCCCCCCC,0.184
CCOCCOCCOCCOCC,0.183
C(C1=CC=CC=C1)C1=CC=C(C=C1)OC,0.15
CCCCCCCCCCCC1CCCCC1,0.129
CCC(CC1CCCCC1)C2CCCCC2,0.118
CCCCCCCCCCCCC1CC(CCC1C)C(C)C,0.121
C(C(CCC(=O)OCC(CCCC)CC)C(=O)OCC(CCCC)CC)C(=O)OCC(CCCC)CC,0.175
C(C)C1=CC=C(C(=O)C2=CC=CC=C2)C=C1,0.164
CCCCCOC(C)(C)CC(C)(C)C,0.107
CC(C)CC(CCCCCCCCCCCC)CC(C)C,0.119
CCc1ccc(Cc2ccccc2)cc1,0.139
C(CCC)C1=CC=C(C=C1)CC1=CC=CC=C1,0.142
C1CCC(C1)CCCC(CCCC2CCCC2)CCc3ccccc3,0.147
CCCCCCCCC(CCCCCC)CCCCCCCC,0.134
C(C)C(CC)CCCCCCCCCCCCCCCCCCCCC,0.14
CCCCCCCCCCC(CCCCCCCCCC)C(CC)CC,0.13
C(CCCCC)C(CCCCCC)(CCCCCC)CCCCCC,0.13
CCCCCCCCCCCC1CCCC2CCCCC12,0.129
CCCCCCCCCCCCCC(CCCCCCCCCC)CCCCCCCCCC,0.15
CCCC(CC)c1ccccc1,0.127
CCCCCCCCCCC(CCCCCCCCCC)CC1CCCCC1,0.14
CCCCCCCCCC1CCCC1,0.125
C(CCCCCCCCCCCCCCC)C1C(CC(C(C1)C)C)C,0.122
C(CCCCC(=O)OCC(C)C)(=O)OCC(C)C,0.147
C(CC)OCCOCCOCCC,0.164
C(C1=CC=CC=C1)C(CC1=CC=CC=C1)CCCCCC,0.142
CCCCCC1CCCCC1C,0.115
C1(=CC=CC=C1)CCCCCCCCCCCCCCCCCCCCCCCCCC,0.147
CCCCCCCCCC1CCC(CC1)C2CCCCC2,0.122
CCC(C)(C)CCC(C)(C)CCC(C)(C)CCC(C)(C)CC,0.065
C(C=1C(C(=O)OCC(CCCC)CC)=CC=CC1)(=O)OCCCC,0.149
CCCCCCC(CCC)CCCCCC,0.126
C1(CCCCC1)CCOCCCCCCOCCC1CCCCC1,0.168
CCCC(=O)OCC(COC(=O)CCC)OC(=O)CCC,0.169
CC(CC)(C)C1CCCCC1,0.102
C(CCCCCCCCCCCCCCC)C1=CC(=CC(=C1C)C)C,0.112
C(CCCCCCCCCCCCCC)(=O)OCCCC,0.153
CCCCCCCCC1CCCc2ccccc12,0.134
C1(CCCCC1)C1=CC=CC2=CC=CC=C12,0.191
CCOC(=O)C=Cc1ccccc1,0.156
C(CCC)C(=CCCCCCCCCCCCCCCCC)C1=CC2=CC=CC=C2C=C1,0.232
CCC1(CCCCC1)CCC2(CC)CCCCC2,0.115
CC(CC1=CC=CC=C1)(CCCCCCC)CC(C)C,0.126
CCCCCCCCCCCC(CCCCCCCCCC)c1cccc2ccccc12,0.24
CCCCCCCCCCC(CCCCCCCCCC)C1CCCC1,0.139
CC(CCCC)OCCCCCCCCCCOC(CCCC)C,0.167
CCCCCC1CCCc2ccccc12,0.124
CCCCCCCCCCCCCCCC(C1CCCC1)C2CCCC2,0.16
CCCCCC(CCCCC)CCCCC(CCCCC)CCCCC,0.131
C(CCCCCCCCC)(=O)OCCCCCCCCCC,0.154
CCCCCCCCCCCCCCCCC=C(CCCC)c1ccc2CCCCc2c1,0.132
C=1(C(=CC=CC1)C(=O)OCCCCCCC(C)C)C(=O)OCCCCCCC(C)C,0.144
CCCCCCCCCCCCCCCCCCCCCCc1ccc2CCCCc2c1,0.139
C=1(C(=CC=CC1)C(=O)OCCOC)C(=O)OCCOC,0.189
CC(CCCCCC)OCCCCCCOC(CCCCCC)C,0.169
CCCCCCC(C)C1CCCCC1,0.121
C(C)C(COC1CCC(CC1)OCC(CCCC)CC)CCCC,0.157
CC(CCCC)OCCCCCCCCCCOC(CCCC)C,0.167
C(CCCCCCCCCCCCCCCCCCCCCCCCCC)C1=CC=CC=C1,0.147
CCCC(CCC)(CCC)C(C)C,0.101
C(CCCC)OCCOCCOCCOCCOCCO,0.248
C(CCCCCCCCCCCCCCCCC)(=O)OCCCC,0.156
CCCCCCCC1CCCCC1,0.125
C1(CCCC1)CC(CCCCCC)CCCCCC,0.127
C(CCC)C(CCCC)(CCCC)C1CCCCC1,0.114
CC(c1ccccc1)c2ccccc2,0.143
CCCCCCC1CCCCC1,0.12
CC(C)(C)c1cccc(c1O)C(C)(C)C,0.092
CC(C)(CC(CCCCC(CC(C)(C)C)C)C)C,0.088
C1(CCCCC1)CC(CCCCCCCCCCCCCCC)CC1CCCCC1,0.128
C(C)(C)C1C(CCCC1)C1CCCCC1,0.111
CCCCCCCCCCCCCCCCCC(CC)C1CCCCC1,0.14
CCCCCCCCCCCCCCCCCCC(C)c1ccccc1,0.156
C1CCC(C1)C2CCCC2,0.108
C1(CCCC1)C1C(CCC1)CCCCCCCCCCCCCCCC,0.135
CC1=CC=CC2=CC=CC=C12,0.18
C(C)C(CCCCCC)(C)C1=CC=CC2=CC=CC=C12,0.187
C(CCCCCC)C=1C=C2CCCC2=CC1,0.121
C(C1=CC=CC=C1)C(CC1=CC=CC=C1)CC,0.147
CC(C)CCC(CCC(CCC(C)C)CCC(C)C)CCC(C)C,0.1
CC(C)CCC(CCC(C)C)CC1CC(CCC1C)C(C)C,0.103
C(CCCCCCCCCCCC=CCC=CCCCCC)(=O)OC,0.178
CCCCC(CC)COC(=O)CCCCCC(=O)OCC(CC)CCCC,0.162
CC(CC1CCCCC1)CC2CCCCC2,0.118
CCCCCCOCCOCCOCCCCCC,0.183
CCCCCCC(C1CCCCC1)C2CCCCC2,0.114
C1CCC(CC1)CCCC2CCCC2,0.122
CCCCC(CCCC)CCCCCCCCC(CCCC)CCCC,0.134
C(CCCCCCC)C(CCCCCCCC)CCCCCCCCCC,0.133
C(CCCCC)C(=CCCC1=CC=CC=C1)CCCCCC,0.144
C=1(C(=CC=CC1)C(=O)OCCOCCCC)C(=O)OCCOCCCC,0.198
CC(C1CCCCC1)C2CCCCC2,0.116
C(C)C1C(CCCC1)C1CCCCC1,0.115
C1(=CC=CC=C1)C=CCCCCCCCCCC(CCC)CCC,0.159
CCCCCCCCCCC(CCCCCCCCCC)C1CC(C)CCC1C,0.124
CC(C)CC(CC(CCCCCCCCCCCCCCC)C)C,0.125
CCC1c2ccccc2C(CC)c3ccccc13,0.121
C(CCCCCC)C1=CC=C(C=C1)CCCCCCC,0.137
CCCCCCCCCCCCC1CCCC1,0.133
C1(=C(C=CC=C1)CC1=C(C=CC=C1)C)C,0.124
CC1=C(C=CC=C1)CC1=CC=CC=C1,0.136
C(CC(CCCc1ccccc1)CCCc2ccccc2)Cc3ccccc3,0.189
C(CCCCCCCCCCCCCCC)OC1=C(C=CC=C1)OC,0.162
CCCCCCCCc1ccccc1,0.139
CCCCCCCCCCCCC(CCCCCCCCCCCC)c1ccccc1,0.162
C(C)OCCOCCOCCOCC,0.183
C(CCCCCCCCCCCCCCCCC)C1CCCC1,0.142
CCCCCCCCCCCC1CCCC1,0.129
C(C(=O)OCCCCCCC)(=O)OCCCCCCC,0.165
C(CCC)C(CCCC)C(CCCC)CCCC,0.118
Cc1ccccc1Cc2ccccc2,0.136
CCC(c1ccccc1)c2ccccc2,0.143
C1CCC(CC1)CCCC2CCCCC2,0.123
C(CCCCCCCCCCCCCCC)(=O)OC(C)C,0.148
C1CCC(C1)C2=CC=CC=C2C3CCCC3,0.121
CC(CCC)C1=C(C=CC(=C1)C(CCC)C)CCC,0.106
C1(CCCC1)CC(CCCCCCCCCC)CCCCCCCCCC,0.139
CCCCc1cccc2ccccc12,0.189
CC(CC)(CCCC(CCCC(CC)(C)C)C)C,0.096
CCCCCCCCCCCCCCCC1CCCC2CCCCC12,0.135
C1CCC(CC1)CCC(CCCC2CCCC2)CCCC3CCCC3,0.123
C(CCCCCCCC)C(CC=CCCCCCC)CCCCCCCCC,0.151
CCCCCCCCCCC(CC)CC,0.125
CCCCCCCCCCC(CCCCCCCCCC)CC1CC(C)CC1C,0.117
CCCCCCCCCCCCCCCC(CCCC)C1CCCCC1,0.139
CCCCCCCCCCCCCCCC(CCCCCC)CCCCCC,0.143
CCCCCCCCCOCCCCOCCCCCCCCC,0.183
CCCCCCCCCCCC(CCCCCCC)C1CCC(C)CC1,0.131
CCCCCCCCCCCCCCCc1cccc2ccccc12,0.208
C(C)C1C(C(C(C(C1CC)CC)CC)CC)CC,0.098
C(CCC)C(CCCCCCCCCCCCCCCCCCCCC)C1=CC=CC=C1,0.141
C(CCCCC(=O)OCCCCCCC)(=O)OCCCCCCC,0.141
C1(=CC=C(C=C1)C(=O)OCCCC)C(=O)OCCCC,0.159
C(CCCCCCCCCC)C(CCCCCCCCCCCC)CCCCCCCCCCCC,0.152
C(CCCCCCCCCCCCCCCCC)(=O)OC,0.136
CCCCCCC(CCC)C(CCC)CCCCCC,0.123
CC(C)(CCCCCCCCCC)O,0.126
CCCCc1ccccc1c2ccccc2,0.196
CCCCCCCCCCCCCC(CC(CC)CC)CC(CC)CC,0.127
C(CCC=CCC=CCC=CCC=CCC=CCC=CCC)(=O)OC,0.213
CCCC(CC1CCCCC1)CC2CCCCC2,0.12
CCCC(c1ccccc1)c2ccccc2,0.143
CCCCCCCCC(CCCC1CCCC1)CCCC2CCCC2,0.133
CCCCCCCCCCCc1ccccc1,0.145
C1CCC(C1)CCCC(CCc2ccccc2)CCc3ccccc3,0.157
CCCCCCC(=CCCCCC)c1ccccc1,0.137
CCCCCCCCCCC(CCCCCCCCCC)Cc1ccccc1,0.152
CCCCC(CC)Cc1cccc2ccccc12,0.195
CCCCCCCCC(C)c1ccccc1,0.136
C(C)C(COCCCCCCOCC(CCCC)CC)CCCC,0.168
CCCCCCCCCCCC(CCCCCC)CCCCCC,0.137
CC(C)CCCCCCCCCCCCC,0.128
CCCCC(CC)CC1CCCC2CCCCC12,0.116
C(CCCCC(=O)OC1CCCCC1)(=O)OC1CCCCC1,0.157
C(CCCC(=O)OCCC(C)C)(=O)OCCC(C)C,0.149
C(CCCCCCCCC(=O)OCCCCCCCCCC)(=O)OCCCCCCCCCC,0.166
CCCCCCCCCCc1ccc(CCCCCCCCCC)cc1,0.157
C(CCCCCCCCC)C1CC2CCCCC2CC1,0.128
CCCCOCCOCCOCOCCOCCOCCCC,0.236
C(CCC)(=O)OCCCCCCCCCCCCCCCC,0.143
CCCCC(CC)CC(C(C)C)C(CC(CC)CCCC)C(C)C,0.104
C(CCCCCCCCCCCCCCCCCCCCCCCCCCCC)C1=CC=CC=C1,0.147
CCCCCCCCCCC(=CCCCCCCCCC)c1cc(C)ccc1C,0.115
C1(CCCC1)C1C(CCC1)CCCCCCCCCCCCCCCCCC,0.129
C(CCCC)(=O)OCCCCCCCCCCCCCCCCCC,0.156
C(CCCCCCCCCCCCCCCCC)C=1C=C2CCCCC2=CC1,0.134
C(Cc1ccccc1)C(CCc2ccccc2)=CCc3ccccc3,0.174
C(CC(CCCc1ccccc1)=CCCc2ccccc2)Cc3ccccc3,0.176
CCCCCCCCCC(C1CCCCC1)C2CCCCC2,0.125
C(CCCCCCCCCCCCCCCCCCCCCCCC)C1=CC=CC=C1,0.147
CC(C)(CCC=C(CCCC(C)(C)C)CCCC(C)(C)C)C,0.077
C1(=CC=CC=C1)CC1=C(C=CC=C1)O,0.165
C(C)C1=CC=C(C=C1)C(C)C1=CC=CC=C1,0.132
C(COCCOCCOCCOCCO)O,0.182
CC(CCC(CCC(C)C)(CC(C)C)C1CCCCC1)C,0.099
CCCCCOc1ccccc1,0.147
CCCCCCCCCCCCc1ccc2ccccc2c1,0.22
C(CCCCC(=O)OCC(C)C)(=O)OCC(C)C,0.147
C1(CCCCC1)CC=C(CCC1CCCCC1)CCC1CCCCC1,0.126
CCCCCCCCCCC(CCCCC)CCCCCCCCCC,0.142
CCCCCCCCCCCCCCCCC(CCC)C1CCCCC1,0.139
C(CCCCCCCCCCCCCCCCCCCCCCC)C1=CC=CC=C1,0.147
CC1C(CCCC1)C1CCCCC1,0.114
CC(C)(C)C(C(C1CCCCC1)C(C)(C)C)C1CCCCC1,0.083
C1(=CC=CC=C1)C(C(C)C)C1=CC=CC=C1,0.14
CC(=C)CCCCCCCCCCCCCCCCC(C)=C,0.121
CCCCCCCCCCCCCC(c1ccccc1)c2ccccc2,0.17
CC1(CCC2=CC(=C(C=C12)C(C)C)C(CCCC)C)C,0.082
C(CCCCCC1CCCCC1)CCCCC2CCCCC2,0.137
C(CCCCCCCCCCCCCCCCCCCC)C1=CC=CC=C1,0.162
C1(CCCCC1)CC1CC(CCC1)CC,0.117
C(CC)C(=CCCCCCC)CCCCCCC,0.131
CC(CCCCCCCC)CCCCCCCC,0.132
CCCCCCCCCCCCCCCCCCC(C)C1CCCCC1,0.14
CCCCCCCCCCCCCCC,0.131
C1(CCCCC1)C(=O)OCC,0.127
CC(CCOC(=O)CCCCC(=O)OCCC(C)CC(C)(C)C)CC(C)(C)C,0.139
C1(=CC=CC=C1)CCCCCCCCCCCCCCCCCCCCCC,0.165
CCCCCCCCCCCCCCCCCCCCCCC,0.145
CCCCCCc1cc2CCCCc2cc1CCCCCC,0.113
C(CCCC)C(CCCCCCCCC)CCCCCCCCCC,0.139
C(CC)C1CC2CCCCC2CC1,0.114
C(C)C(CCCC)=CCCCCCCC=C(CCCC)CC,0.131
C(CCCCCCCCC(=O)OCCCC)(=O)OCCCC,0.167
CC(C)(CC(CCC(CCC(CC(C)(C)C)C)C)C)C,0.085
CC(C1CCCC1)C2CCCC2,0.11
CCCCCCCCCC(C)=O,0.149
CCCCCCCc1ccc(C)c(C)c1,0.112
C1CCC(CC1)CCc2ccccc2,0.135
CCCCCC1CCCCC1,0.118
C(CCCCCCCCC)C(CCCCCCCCCC)CCCCCCCCCC,0.145
C1(=CC=CC=C1)C(=CCC)C1=CC=CC=C1,0.142
CCCCCCCCCCCCCCCCCCCC,0.139
CC(CC)C1CCC(C2CCCCC12)C(CC)C,0.099
CCCCCCCCCC(CO)CCCCC,0.142
CCCCCCC(CCCCCC)C1CCCCC1,0.127
CCCCCCCCCCCCCCCCC1CCC2CCCCC12,0.134
CC(=CCCCCCCC)CCCCCCCC,0.127
CC(C)(CCCC(CCCC(C)(C)C)CCCC(C)(C)C)C,0.08
CC(C)CCCC(CCCCC(CCCC(C)C)C)C,0.118
C1CCC(C1)CCCc2ccccc2,0.137
CCCC(CC(C)C)CC(C)C,0.104
CCCCCCCCC1CC2CC(C)CCC2CC1C,0.114
C(Cc1ccccc1)C(CCc2ccccc2)CCc3ccccc3,0.17
CC(C)Cc1cccc2ccccc12,0.182
CCCCCCCCCCCCCCCC(CCCCCCCC)CCCCCCCC,0.15
C(CCC)C1C(CCC1)CCCCCCCCCCCC,0.129
CCCCCCC(C)CC(C)C,0.112
CCCCCCC(CCC)O,0.126
CCCCCCCCCCCCC=C,0.131
C1CCC(CC1)c2ccccc2,0.131
CCCCCCCCCCCC(CCCC)CCCC,0.131
CCCCOCCOCCOCCOCCCC,0.196
CC1=CC=C(C=C1)C(C)C1=CC=CC=C1,0.132
CC(C=C)CCCCCCCCCCC,0.126
CC(CCC)(C)C1CCCCC1,0.106
C(CCCCCCCC)(=O)OC(CCCCCC)C,0.143
C(CCCCCCCCC)C(CCC1CCCCC1)CCC1CCCCC1,0.128
CCCCCCCCCCCC(CCCCCCCC)C1CCCCC1,0.137
C(CCC)C(CCCC)=CCCCCCCC=C(CCCC)CCCC,0.126
C(CCCCC(=O)OCCCCC)(=O)OCCCCC,0.158
CCCCCCCC1CCC(CC1)C2CCC(CCCCCCC)CC2,0.121
CC(=C)C1C(CC(CC1)C)C1=CC=CC=C1,0.116
CCCCCCCCCCCC(CCCC)CCCCCCCCCC,0.141
CCCCCCCCCCCCCCc1ccccc1,0.152
CCCCCCC1CCCc2ccc(CCCC)cc12,0.115
C(CCCCCCC)(=O)OCC(COC(CCCCCCC)=O)(COC(CCCCCCC)=O)COC(CCCCCCC)=O,0.168
C=1(C(=CC=CC1)C(=O)OCC(C)C)C(=O)OCC(C)C,0.145
CC1=C(C=C(C=C1)CCCCCCC)C,0.112
CC(=CC(C)(C)C(C)(C)C)C(C)(C)C,0.072
CCCCCCCCCCCC(CCCC)c1ccccc1,0.149
CCCCCCCCCCCCCC(CCCCCC)CCCCCC,0.127
CCC(CC)CCCCCCCCC(CC)CC,0.128
CC1CCC(CC1)C(CCCCCCCCCCC)C1CCC(CC1)C,0.126
C(C1=CC(C(=O)OCCCCCC)=CC=C1)(=O)OCCCCCC,0.168
C1(CCCCC1)CC(CCCCCCCCCC)CCCCCCCCCC,0.14
CCCCCCCCCCCC=C,0.129
C(CCCC=CCC=CCC=CCC=CCCCCC)(=O)OCC,0.187
C=CCCCCCCCCCCCCCCC=C,0.15
C(C)(=O)OCCOCCOC(C)=O,0.159
CCCCCCCCCCCCCCCCC=C(c1ccccc1)c2ccccc2,0.169
CCCCCCCCC(CCC)C1CCC2CCCCC2C1,0.12
CCCc1ccc2ccccc2c1,0.186
CCC(C1CCCCC1)C2CCCCC2,0.116
COC(C)COC(C)COC(C)COC,0.166
CC(C)(CC(CC=C(CCC(CC(C)(C)C)C)CCC(CC(C)(C)C)C)C)C,0.059
C(CCCCCCCCCCCCCCCCCC)OC,0.155
CC(=CC)CCCCCCCCCCCCCCC,0.136
C1(CCCCC1)C(CC1CCCCC1)C1CCCCC1,0.125
CC(CC1CCC(C2=CC=CC=C12)CC(C)C)C,0.112
CCCCCCCc1ccccc1,0.136
CCCCCCCCCCCCCCCC(=O)OC,0.131
CC(CCOCCCCOCCC(CC(C)(C)C)C)CC(C)(C)C,0.129
C(CCCCCCCC(=O)OCC(C)C)(=O)OCC(C)C,0.14
CCCCCCCCCCCCCCCCCCCCCCCCCCCC,0.156
CCc1ccc(cc1)C(C)c2ccccc2,0.132
CCCC(CCC)CCC,0.112
C1(=CC=CC=C1)C(C)=CCCCCCCCC,0.142
C(CCCCCCCCC(=O)OCCCCCC)(=O)OCCCCCC,0.17
CCCCCCCCCCCCC1CCCCC1,0.133
C(CCCC)C1CCC(CC1)CCCCC,0.122
CC(C)CCCCCCCCC(C)C,0.118
CCCCCCCCCCCCCCCCCCCCC=C(CCCC)c1ccc2ccccc2c1,0.25
C(CC(CCCc1ccccc1)c2ccccc2)Cc3ccccc3,0.171
CCCCCCCCCCCCCCCCCCC=C,0.144
C(CCC)C(CCCCCCCCCCCCCCCCC)C1CCC2(CC1)CCCCC2,0.113
C(CCCCCCCCCCCCCCC)(=O)OC(CC)C,0.149
CC(C)c1ccc(Cc2ccccc2)cc1,0.133
C(C1=CC=C(C(=O)OCCCCCCC)C=C1)(=O)OCCCCCCC,0.179
C(CC)C(CCCCCCCC)C1CC2CCCCC2CC1,0.12
C(CCCC)(=O)OCC(COC(CCCC)=O)(COC(CCCC)=O)COC(CCCC)=O,0.185
CC(C)(c1ccccc1)c2ccccc2,0.134
CC(CCC(CCC(C)CC(C)(C)C)CCC(C)CC(C)(C)C)CC(C)(C)C,0.06
CCCCCCCCCCCCCCCCCCc1cc(C)ccc1C,0.137
C1(CCCCC1)C(CC)(C(CC)(C)C1CCCCC1)C,0.094
CCCCCCCCC(CCCCCCCC)=CCCCCCCC,0.136
C(CCCCCCCCC(=O)OCCCCC)(=O)OCCCCC,0.173
CCCCC/C(=C/CCCC)/C,0.117
CCCCCCC1CC2CCCCC2CC1CCCC,0.118
CC(CC(CCCCCCC)(CC(C)C)C1=CC=CC=C1)C,0.12
CC1=C(C(=CC(=C1)C)C)CCCCCCCCCCCCCCCCCC,0.126
C(C)(C)C1C=CC(C2=CC=CC=C12)C(C)C,0.117
CCCCCOCCCCC,0.125
CC(CC=CC1=CC=CC=C1)CCC=C(C)C,0.142
CCCCCCCCC1CCCc2c(C)ccc(C)c12,0.108
CC(=CCCCCC)CCCCCC,0.12
C(=C)C(CCCC)CCC=CCCCCC,0.134
CC=1C=C(C(=O)C2=CC=CC=C2)C=CC1C,0.152
C1(=CC(=CC=C1)C(=O)OCCC(C)C)C(=O)OCCC(C)C,0.151
C(CCCCCCCCCCCCCCC)(=O)OCCCCCCCCCCCCCC,0.153
CCCCCCCC1CCC(CC1)C2CCCCC2,0.12
C(CCCCCCC\C=C/CCCCCCCC)(=O)OCC,0.162
CC(CCCCCCCCCCCCC(=O)OC)C,0.144
C=1(C(=CC=CC1)C(=O)OCCCCCCCC(C)C)C(=O)OCCCCCCCC(C)C,0.155
CC(=CC1=CC=CC2=CC=CC=C12)CC(C)C,0.186
C(=CCCCCCCCCCCCCCC)C1=C(C=C(C=C1C)C)C,0.12
C(C)C1=C(C=C(C2=CC=CC=C12)C)C,0.164
CC1=CC=C(C=C1)CCCCCCCCCCCCCCCCCC,0.144
Cc1ccccc1c2ccccc2,0.189
CCCCCCC1CCC(CC1)C2CCCCC2,0.12
CC(C)C1CCCc2ccccc12,0.109
C(CCCC)C=1C=C2CCCCC2=CC1CCCCC,0.111
C(CCC)C(CCCC)(CCCC)CCCC,0.11
CCCCCCC=CCCCCCCC,0.137
C(C)C1=CC=C(C=C1)C(CCCCCCCCCC)C,0.128
Cc1ccc(Cc2ccccc2)cc1,0.136
CCCCC(CCCC)CCCCCC(CCCC)CCCC,0.124
C(COCCOCCOCCOCCO)O,0.182
CCCCCCCCCCCCCC(C1CCCCC1)C2CCCCC2,0.134
C(CCCCC)OCCOCCOCCO,0.185
CCCCCC=CCCCCCC,0.132
C(C=1C(C(=O)OC(C)CC)=CC=CC1)(=O)OC(C)CC,0.145
CC(C)CCCC(CCCC(CCCC(C)C)C)C,0.112
CC(C)C(C(C)C)C1CCCCC1,0.103
